code,standard_name,abbreviation,aliases,category,common_unit,result_type
000007,心电描述,,,其他,,mixed
000008,钙化总积分,Agatston,,其他,,mixed
000009,钙化积分分析,,,其他,,mixed
000010,需复核项目：,,,其他,,mixed
000011,外送校验项目,,,其他,,mixed
000012,骨密度结论,,,妇科特检,,mixed
010101,身高,CM,,一般检查,cm,numeric
010102,体重,KG,,一般检查,kg,numeric
010103,收缩压,SPR,,一般检查,mmHg,numeric
010104,脉搏,PR,,一般检查,(次/分钟),numeric
010105,体重指数,BMI,,一般检查,,mixed
010109,舒张压,DPR,,一般检查,mmHg,numeric
010110,内脏脂肪,,,一般检查,,mixed
010111,左舒张压,DPR,,一般检查,mmHg,numeric
010112,左收缩压,SPR,,一般检查,mmHg,numeric
010113,身体脂肪分布,,,一般检查,,mixed
010114,腰围,,,一般检查,cm,numeric
010115,腰臀比,,,一般检查,,mixed
010116,体温,,,一般检查,℃,numeric
010117,臀围,,,一般检查,cm,numeric
010200,腰椎total-Z值,,,妇科特检,,mixed
010201,腰椎total-T值,,,妇科特检,,mixed
010202,髋关节total-T值,,,妇科特检,,mixed
010203,髋关节neck-T值,,,妇科特检,,mixed
010205,重金属汇总,,,其他,,mixed
010206,TS检查结果,,,其他,,mixed
010207,髋关节total-Z值,,,妇科特检,,mixed
010208,髋关节neck-Z值,,,妇科特检,,mixed
010209,前臂-T值,,,妇科特检,,mixed
010210,前臂-Z值,,,妇科特检,,mixed
010211,T值,,,妇科特检,,mixed
010212,Z值,ZScore,,妇科特检,,mixed
030101,白细胞计数,WBC,★白细胞计数(WBC);白细胞计数(WBC),血常规,,mixed
030102,红细胞计数,RBC,★红细胞计数(RBC);红细胞计数(RBC),血常规,,mixed
030103,血红蛋白,HGB,★血红蛋白(HGB);血红蛋白(HGB),血常规,,mixed
030104,红细胞压积,HCT,★红细胞压积(HCT);红细胞压积(HCT),血常规,,mixed
030105,血小板,PLT,★血小板(PLT);血小板(PLT),血常规,,mixed
030106,血小板压积,PCT,血小板压积(PCT),血常规,,mixed
030107,平均红细胞体积,MCV,平均红细胞体积(MCV),血常规,,mixed
030108,平均红细胞血红蛋白量,MCH,平均红细胞血红蛋白量(MCH),血常规,,mixed
030109,平均红细胞血红蛋白浓度,MCHC,平均红细胞血红蛋白浓度(MCHC),血常规,,mixed
030110,红细胞体积分布宽度,RDW-CV,红细胞体积分布宽度(RDW-CV),血常规,,mixed
030111,平均血小板体积,MPV,平均血小板体积(MPV),血常规,,mixed
030112,血小板分布宽度,PDW,血小板分布宽度(PDW),血常规,,mixed
030113,淋巴细胞比率,LYM%,淋巴细胞比率(LYM%),血常规,,mixed
030115,中性粒细胞比率,NEU%,中性粒细胞比率(NEU%),血常规,,mixed
030116,淋巴细胞绝对值,LYM#,淋巴细胞绝对值(LYM#),血常规,,mixed
030118,中性粒细胞绝对值,NEU#,中性粒细胞绝对值(NEU#),血常规,,mixed
030119,异常淋巴细胞,ALY#,异常淋巴细胞(ALY#),血常规,,mixed
030120,异常淋巴细胞百分比,ALY%,异常淋巴细胞百分比(ALY%),血常规,,mixed
030123,单核细胞绝对值,MON#,单核细胞绝对值(MON#),血常规,,mixed
030124,单核细胞百分比,MON%,单核细胞百分比(MON%),血常规,,mixed
030125,嗜酸性粒细胞,EOS#,嗜酸性粒细胞(EOS#),血常规,,mixed
030126,嗜碱性粒细胞,BAS#,嗜碱性粒细胞(BAS#),血常规,,mixed
030127,嗜酸性粒细胞百分比,EOS%,嗜酸性粒细胞百分比(EOS%),血常规,,mixed
030128,嗜碱性粒细胞百分比,BAS%,嗜碱性粒细胞百分比(BAS%),血常规,,mixed
030133,红细胞体积分布宽度,RDW-SD,红细胞体积分布宽度(RDW-SD),血常规,,mixed
030134,巨大未成熟细胞数目,LIC#,巨大未成熟细胞数目(LIC#),血常规,,mixed
030135,巨大未成熟细胞百分比,LIC%,巨大未成熟细胞百分比(LIC%),血常规,,mixed
030136,大血小板比率,P-LCR,大血小板比率(P-LCR),血常规,,mixed
030137,红细胞放散试验,,,血常规,,mixed
030138,*血常规标本状态,XCGBBBZ,,血常规,,mixed
030139,红细胞沉降率,ESR,,血常规,,mixed
030140,幼稚粒细胞绝对值,IG#,,血常规,,mixed
030141,幼稚粒细胞百分比,IG%,,血常规,,mixed
030142,ALBI肝功能评分,ALBI,,血常规,,mixed
030143,APRI肝硬化评估,APRI,,血常规,,mixed
030144,终末期肝病模型MELD评分,MELD,,血常规,,mixed
030145,CRP与白蛋白比值CAR,CAR,,血常规,,mixed
030146,CALLY指数,CALLY,,血常规,,mixed
030147,全身免疫炎症指数SII,SII,,血常规,,mixed
030148,中性粒细胞/淋巴细胞比值NLR,NLR,,血常规,,mixed
030149,血小板/淋巴细胞比值PLR,PLR,,血常规,,mixed
030200,尿浊度,TUR,尿浊度(TUR),尿常规,,qualitative
030201,尿酸碱度,PH,尿酸碱度(PH),尿常规,,mixed
030202,尿亚硝酸盐,NIT,尿亚硝酸盐(NIT),尿常规,,mixed
030203,尿透明度,,,尿常规,,mixed
030204,尿维生素C,VC,尿维生素C(VC),尿常规,,mixed
030205,尿比重,SG,尿比重(SG),尿常规,,mixed
030206,尿隐血,BLD,尿隐血(BLD),尿常规,,mixed
030207,尿蛋白质,PRO,尿蛋白质(PRO),尿常规,,mixed
030208,尿胆红素,BIL,尿胆红素(BIL),尿常规,,mixed
030209,尿胆原,URO,尿胆原(URO),尿常规,,mixed
030210,尿酮体,KET,尿酮体(KET),尿常规,,mixed
030211,尿镜检蛋白定性,PRO-,,尿常规,,mixed
030212,尿液颜色,COL,尿液颜色(COL),尿常规,,qualitative
030213,尿蛋白/肌酐,P/C,尿蛋白/肌酐(P/C),尿常规,,mixed
030214,其他,Other,其他(Other),尿常规,,mixed
030215,本周氏蛋白,,,尿常规,,mixed
030216,尿白细胞计数,WBC,尿白细胞计数(WBC),尿常规,,mixed
030217,尿管型透明(计数),CAST,尿管型透明(计数)(CAST),尿常规,,mixed
030218,尿管型颗粒,CAST,尿管型颗粒(CAST),尿常规,,mixed
030219,尿白蛋白,uALB,,尿常规,,mixed
030220,乳糜定性,rmdx,,尿常规,,mixed
030221,尿上皮细胞计数,EC,尿上皮细胞计数(EC),尿常规,,mixed
030223,尿白蛋白/肌酐,A/C,尿白蛋白/肌酐(A/C),尿常规,,mixed
030224,尿镜检红细胞(红细胞计数),RBC,尿镜检红细胞(红细胞计数)(RBC),尿常规,,mixed
030225,尿结晶管型,,,尿常规,,mixed
030226,尿脂肪管型,,,尿常规,,mixed
030227,尿细胞管型,,,尿常规,,mixed
030228,尿蜡样管型,,,尿常规,,mixed
030229,尿病理管型,Path.CAST,尿病理管型(Path.CAST),尿常规,,mixed
030231,"尿结晶(X,TAL)","X,TAL",,尿常规,,mixed
030232,尿渗透压Osmo,Osmo,,尿常规,,mixed
030233,尿细菌分类信息,,,尿常规,,mixed
030240,尿白细胞,LEU,尿白细胞(LEU),尿常规,,mixed
030301,C肽,C-P,★C肽,糖代谢,,mixed
030302,胰岛素抗体INS-Ab,INS-Ab,,糖代谢,,mixed
030303,糖耐量,OGTT,糖耐量(OGTT),糖代谢,,mixed
030304,细胞自身抗体,,,糖代谢,,mixed
030306,糖尿病自身抗体,,,糖代谢,,mixed
030307,脂联素,ADPN,,糖代谢,,mixed
030315,尿非鳞状上皮细胞,NSE,尿非鳞状上皮细胞(NSE),尿常规,,mixed
030350,尿隐血,BLD,尿隐血(BLD),尿常规,,mixed
030351,*尿常规标本状态,,,尿常规,,mixed
030401,粪便颜色,COLOR,,凝血功能,,qualitative
030402,粪便性状,CHARACTER,,凝血功能,,mixed
030403,血液,,,凝血功能,,mixed
030404,粘液,,,凝血功能,,mixed
030405,消化,,,凝血功能,,mixed
030406,粪便白细胞,,,凝血功能,,mixed
030407,粪便红细胞,,,凝血功能,,mixed
030408,隐血试验,,,凝血功能,,mixed
030409,粪寄生虫虫卵,,,凝血功能,,mixed
030410,钩虫卵,,,凝血功能,,mixed
030411,鞭虫卵,,,凝血功能,,mixed
030412,蛔虫卵,,,凝血功能,,mixed
030413,未受精蛔虫卵,,,凝血功能,,mixed
030414,受精蛔虫卵,,,凝血功能,,mixed
030415,蛲虫卵,,,凝血功能,,mixed
030416,血吸虫卵,,,凝血功能,,mixed
030417,华支睾吸虫卵,,,凝血功能,,mixed
030418,姜片吸虫卵,,,凝血功能,,mixed
030419,寄生虫虫体,,,凝血功能,,mixed
030420,脂肪球,,,凝血功能,,mixed
030421,阿米巴包囊,,,凝血功能,,mixed
030422,阿米巴滋养体,,,凝血功能,,mixed
030423,便隐血试验,OB,,凝血功能,,mixed
030424,"转铁蛋白,流式荧光发光法",,,凝血功能,,mixed
030425,"血红蛋白,流式荧光发光法",,,凝血功能,,mixed
030426,便潜血定量检测,OB,,凝血功能,,mixed
030701,免疫球蛋白A,IgA,★免疫球蛋白A(IgA);免疫球蛋白A(IgA),免疫球蛋白/补体,,mixed
030702,免疫球蛋白G,IgG,★免疫球蛋白G(IgG);免疫球蛋白G(IgG),免疫球蛋白/补体,,mixed
030703,免疫球蛋白M,IgM,★免疫球蛋白M(IgM);免疫球蛋白M(IgM),免疫球蛋白/补体,,mixed
030704,免疫球蛋白E,IgE,免疫球蛋白E(IgE),免疫球蛋白/补体,,mixed
030705,免疫球蛋白G4,G4,,特殊生化,,mixed
030801,铜锌比值,Cu/Zn,,重金属/微量元素,,mixed
030802,铬,Ge,,重金属/微量元素,,mixed
030803,全血铁,Fe,,重金属/微量元素,,mixed
030804,全血锰,Mn,,重金属/微量元素,,mixed
030805,钙镁比值,Ca/Mg,,重金属/微量元素,,mixed
030806,铝,,,重金属/微量元素,,mixed
030807,锑,,,重金属/微量元素,,mixed
030808,银,,,重金属/微量元素,,mixed
030809,砷,,,重金属/微量元素,,mixed
030810,钡,,,重金属/微量元素,,mixed
030811,铍,,,重金属/微量元素,,mixed
030812,铋,,,重金属/微量元素,,mixed
030813,镉,,,重金属/微量元素,,mixed
030814,汞,,,重金属/微量元素,,mixed
030816,镍,,,重金属/微量元素,,mixed
030817,铂,,,重金属/微量元素,,mixed
030819,铊,,,重金属/微量元素,,mixed
030820,钍,,,重金属/微量元素,,mixed
030821,全血钙Ca,Ca,,重金属/微量元素,,mixed
030822,全血镁,Mg,,重金属/微量元素,,mixed
030823,全血铜,Cu,,重金属/微量元素,,mixed
030824,全血锌,Zn,,重金属/微量元素,,mixed
030825,全血铅,Pb,,重金属/微量元素,,mixed
030826,尿碘,UI,,重金属/微量元素,,mixed
030827,血清硒,SE,,重金属/微量元素,,mixed
030828,锰,Mn,,重金属/微量元素,,mixed
030829,锶,Sr,,重金属/微量元素,,mixed
030830,钙/磷,Ca/P,,重金属/微量元素,,mixed
030831,碘,I,,重金属/微量元素,,mixed
030832,氟,F,,重金属/微量元素,,mixed
030833,锂,LI,,重金属/微量元素,,mixed
030834,钴,Co,,重金属/微量元素,,mixed
030835,钒,V,,重金属/微量元素,,mixed
030836,钾,K+,,重金属/微量元素,,mixed
030837,钙，质谱法,Ca,,重金属/微量元素,,mixed
030838,氨,AMON,,重金属/微量元素,,mixed
030839,碲,Te,,重金属/微量元素,,mixed
030840,钆,Gd,,重金属/微量元素,,mixed
030841,镓,Ga,,重金属/微量元素,,mixed
030842,铑,Rh,,重金属/微量元素,,mixed
030843,硫,S,,重金属/微量元素,,mixed
030844,磷,P,,重金属/微量元素,,mixed
030845,钼,Mo,,重金属/微量元素,,mixed
030846,钯,Pd,,重金属/微量元素,,mixed
030847,硼,B,,重金属/微量元素,,mixed
030848,铷,Rb,,重金属/微量元素,,mixed
030849,钛,Ti,,重金属/微量元素,,mixed
030850,铁,Fe,,重金属/微量元素,,mixed
030851,钨,W,,重金属/微量元素,,mixed
030852,锡,Sn,,重金属/微量元素,,mixed
030853,铀,U,,重金属/微量元素,,mixed
030854,锗,Ge,,重金属/微量元素,,mixed
030855,钠,Na,,重金属/微量元素,,mixed
030856,尿氯,Cl,,重金属/微量元素,,mixed
030857,尿钙,Ca,,重金属/微量元素,,mixed
030858,尿磷,P,,重金属/微量元素,,mixed
030859,尿镁,Mg,,重金属/微量元素,,mixed
030860,尿钾,K,,重金属/微量元素,,mixed
030861,尿钠,Na,,重金属/微量元素,,mixed
030862,阴离子隙,AG,,重金属/微量元素,,mixed
030863,二氧化碳,CO2,,重金属/微量元素,,mixed
040101,胰岛素敏感性指数QUICK,QUICK,,糖代谢,,mixed
040103,空腹血糖(GLU(0H)),GLU(0H),★空腹血糖(GLU(0H)),糖代谢,,mixed
040104,胰岛素抵抗水平HOMA-IR,HOMA-IR,,糖代谢,,mixed
040105,胰岛素敏感性HOMA-IS,HOMA-IS,,糖代谢,,mixed
040106,胰岛β细胞功能HOMA-β,HOMA-β,,糖代谢,,mixed
040107,甘油三酯-葡萄糖(TyG)指数,TyG,甘油三酯-葡萄糖（TyG）指数,代谢指数,,mixed
040201,总胆固醇,TC,★总胆固醇(TC);总胆固醇(TC);CHOL,血脂,,mixed
040202,甘油三酯,TG,★甘油三酯(TG);甘油三酯(TG),血脂,,mixed
040203,高密度脂蛋白胆固醇,HDL-C,★高密度脂蛋白胆固醇(HDL-C);高密度脂蛋白胆固醇(HDL-C),血脂,,mixed
040204,低密度脂蛋白胆固醇,LDL-C,★低密度脂蛋白胆固醇(LDL-C);低密度脂蛋白胆固醇(LDL-C),血脂,,mixed
040205,载脂蛋白A,APO-A,★载脂蛋白A(APO-A);载脂蛋白A(APO-A),血脂,,mixed
040206,载脂蛋白B,APO-B,★载脂蛋白B(APO-B);载脂蛋白B(APO-B),血脂,,mixed
040207,脂蛋白(α),LP(α),★脂蛋白（α）,血脂,,mixed
040208,动脉粥样硬化指数,LDL/HDL,动脉粥样硬化指数（LDL/HDL）;动脉粥样硬化指数(LDL/HDL);AI,血脂,,mixed
040209,非高密度脂蛋白胆固醇,Non-HDL-C,,血脂,,mixed
040210,*标本状态,,,血脂,,mixed
040211,餐后总胆固醇,CHOL,,血脂,,mixed
040212,餐后甘油三酯,TG,,血脂,,mixed
040213,餐后高密度脂蛋白胆固醇,HDL-C,,血脂,,mixed
040214,餐后低密度脂蛋白胆固醇,LDL-C,,血脂,,mixed
040215,餐后动脉硬化指数,CHOL-HDL/HDL,,血脂,,mixed
040216,餐后载脂蛋白A,APO-A,,血脂,,mixed
040217,餐后脂蛋白(α),LP(α),餐后脂蛋白（α）,血脂,,mixed
040218,餐后载脂蛋白B,APO-B,,血脂,,mixed
040219,餐后载脂A/载脂B,ApoA1/ApoB,,血脂,,mixed
040220,甘油三酯/高密度脂蛋白,,,血脂,,mixed
040221,极低密度脂蛋白,VLDL-C,,血脂,,mixed
040222,极低密度脂蛋白残体,MIDC VLDL,,血脂,,mixed
040223,中密度脂蛋白B,IDLB,,血脂,,mixed
040224,中密度脂蛋白A,IDLA,,血脂,,mixed
040225,低密度脂蛋白亚型1,LDL1-C,,血脂,,mixed
040226,低密度脂蛋白亚型2,LDL2-C,,血脂,,mixed
040227,低密度脂蛋白亚型3,LDL3-C,,血脂,,mixed
040228,低密度脂蛋白亚型4,LDL4-C,,血脂,,mixed
040229,低密度脂蛋白亚型5,LDL5-C,,血脂,,mixed
040230,低密度脂蛋白亚型6,LDL6-C,,血脂,,mixed
040231,低密度脂蛋白亚型7,LDL7-C,,血脂,,mixed
040301,钾离子,K,★钾离子(K);钾离子(K),电解质/微量元素,,mixed
040302,钠离子,Na,★钠离子(Na);钠离子(Na),电解质/微量元素,,mixed
040303,氯离子,Cl,★氯离子(Cl);氯离子(Cl);CL,电解质/微量元素,,mixed
040304,总钙,Ca,★总钙(Ca);总钙(Ca),电解质/微量元素,,mixed
040305,血清铁,FE,,电解质/微量元素,,mixed
040306,锌,Zn,,电解质/微量元素,,mixed
040307,镁,Mg,,电解质/微量元素,,mixed
040308,铅,Pb,,电解质/微量元素,,mixed
040309,铜,Cu,,电解质/微量元素,,mixed
040310,磷离子,P3,★磷离子(P3);磷离子(P3),电解质/微量元素,,mixed
040311,镁离子,Mg,镁离子(Mg),电解质/微量元素,,mixed
040401,血尿素氮,BUN,★血尿素氮(BUN);血尿素氮(BUN),肾功能,,mixed
040402,血肌酐,Cr,★血肌酐(Cr);血肌酐(Cr),肾功能,,mixed
040403,血尿酸,UA,★血尿酸(UA);血尿酸(UA),肾功能,,mixed
040404,GFR肾小球滤过率,c-MDRD,GFR肾小球滤过率（c-MDRD）;GFR肾小球滤过率(c-MDRD);c-aGFR,肾功能,,mixed
040405,胱抑素C,CYSC,★胱抑素C,肾功能,,mixed
040406,GFR肾小球滤过率FAS,FAS-eGFR,,肾功能,ml/min,numeric
040407,评估肾小球滤过率,eGFR,评估肾小球滤过率（eGFR）;评估肾小球滤过率(eGFR),肾功能,,mixed
040408,CysC-GFR肾小球滤过率,CysC-GFR,,肾功能,,mixed
040409,GFR肾小球滤过率,CKD-EPI,GFR肾小球滤过率(CKD-EPI),肾功能,,mixed
040410,GFR肾小球滤过率KDOQIMDRD),MDRD-GFR,GFR肾小球滤过率KDOQIMDRD）,肾功能,,mixed
040411,CCrE肾小球滤过率Cockcroft-Gault,Cockcroft-Gault,,肾功能,,mixed
040412,GFR肾小球滤过率2005MDRd,2005MDRd,,肾功能,,mixed
040501,谷丙转氨酶,ALT,★谷丙转氨酶(ALT);谷丙转氨酶(ALT),肝功能,,mixed
040502,谷草转氨酶,AST,★谷草转氨酶(AST);谷草转氨酶(AST),肝功能,,mixed
040504,总胆红素,TBIL,★总胆红素(TBIL);总胆红素(TBIL),肝功能,,mixed
040505,结合胆红素,DBIL,结合胆红素(DBIL),肝功能,,mixed
040506,游离胆红素,IBIL,游离胆红素(IBIL),肝功能,,mixed
040507,血清总蛋白,TP,★血清总蛋白(TP);血清总蛋白(TP),肝功能,,mixed
040508,白蛋白,ALB,★白蛋白(ALB);白蛋白(ALB),肝功能,,mixed
040509,白球比,A/G,白球比(A/G),肝功能,,mixed
040510,球蛋白,GLB,球蛋白（GLB）;球蛋白(GLB),肝功能,,mixed
040513,总胆汁酸,TBA,总胆汁酸(TBA),肝功能,,mixed
040514,胆碱酯酶,CHE,胆碱酯酶(CHE),肝功能,,mixed
040515,肝纤维化FIB-4指数,FIB-4,,肝功能,,mixed
040516,血清蛋白电泳,,,肝功能,,mixed
040517,糖化血红蛋白,HbAlc,★糖化血红蛋白(HbAlc);糖化血红蛋白(HbAlc),肝功能,,mixed
040518,糖化白蛋白,GA,★糖化白蛋白（GA）;糖化白蛋白(GA),肝功能,,mixed
040519,糖化血清蛋白(GSP)果糖胺,GSP,糖化血清蛋白（GSP）果糖胺,肝功能,,mixed
040699,γ-谷氨酰基转移酶,GGT,★γ-谷氨酰基转移酶（GGT);γ-谷氨酰基转移酶(GGT),肝功能,,mixed
040701,碱性磷酸酶,ALP,★碱性磷酸酶（ALP);碱性磷酸酶(ALP),肝功能,,mixed
040702,甲胎蛋白,AFP,★甲胎蛋白(AFP);甲胎蛋白(AFP),肿瘤标志物,,mixed
040711,谷草/谷丙,AST/ALT,谷草/谷丙(AST/ALT),肝功能,,mixed
040717,二氧化碳结合力CO2-CP,CO2-CP,,营养/感染/其他,,mixed
040721,尿脂肪酶,ULIP,,胰腺功能,,mixed
040722,脂肪酶LIP,LIP,,胰腺功能,,mixed
040723,淀粉酶,AMY,★淀粉酶(AMY);淀粉酶(AMY),胰腺功能,,mixed
040724,抗凝血酶活性测定(AT Ⅲ),AT Ⅲ,,凝血功能,,mixed
040725,活化部分凝血活酶时间,APTT,★活化部分凝血活酶时间(APTT);活化部分凝血活酶时间(APTT),凝血功能,,mixed
040726,凝血酶原时间,PT,★凝血酶原时间(PT);凝血酶原时间(PT),凝血功能,,mixed
040727,纤维蛋白原,Fbg,★纤维蛋白原(Fbg);纤维蛋白原(Fbg),凝血功能,,mixed
040728,凝血酶时间,TT,凝血酶时间(TT),凝血功能,,mixed
040729,百分活动度,PT%,百分活动度(PT%),凝血功能,,mixed
040730,国际标准化比值,PT.INR,★国际标准化比值(PT.INR);国际标准化比值(PT.INR),凝血功能,,mixed
040731,尿淀粉酶,U-AMY,尿淀粉酶（U-AMY）;尿淀粉酶(U-AMY),胰腺功能,,mixed
040732,纤维蛋白(原)降解产物,FDP,纤维蛋白（原）降解产物,凝血功能,,mixed
040733,凝血酶原时间比率,PT-R,,凝血功能,,mixed
040734,血浆纤维蛋白原测定,Fib,,凝血功能,,mixed
040735,纤维蛋白降解产物,FDP,,凝血功能,,mixed
040750,EB病毒DNA定量,EB-DNA,,特殊检验,,mixed
040909,肌酸激酶同工酶质量(电化学发光),CKMB,肌酸激酶同工酶质量（电化学发光）,心肌标志物/炎症,,mixed
041001,丙型肝炎抗体IgM,HCV-IgM,,肝炎病毒,,mixed
041002,丙型肝炎抗体IgG-IgM,HCV-Ab,,肝炎病毒,,mixed
041003,"丙型肝炎抗体,定性",HCV-Ab,,肝炎病毒,,mixed
04209,载脂蛋白A/载脂蛋白B,APOA/APOB,,血脂,,mixed
050101,乙型肝炎表面抗原(HbsAg)，定量,HbsAg,乙型肝炎表面抗原（HbsAg），定量,肝炎病毒,,mixed
050102,乙型肝炎表面抗体(HbsAb)，定量,HbsAb,乙型肝炎表面抗体（HbsAb），定量,肝炎病毒,,mixed
050103,乙型肝炎e抗体(HbeAb)，定量,HbeAb,乙型肝炎e抗体（HbeAb），定量,肝炎病毒,,mixed
050104,乙型肝炎e抗原(HbeAg)，定量,HbeAg,乙型肝炎e抗原（HbeAg），定量,肝炎病毒,,mixed
050105,乙型肝炎核心抗体(HbcAb)，定量,HbcAb,乙型肝炎核心抗体（HbcAb），定量,肝炎病毒,,mixed
050109,乙型肝炎病毒DNA高灵敏度检测,HBVDNAGLM,,肝炎病毒,,mixed
050201,乙型肝炎表面抗原(HbsAg)，定性,HbsAg,乙型肝炎表面抗原（HbsAg)，定性,肝炎病毒,,mixed
050202,乙型肝炎表面抗体(HbsAb)，定性,HbsAb,乙型肝炎表面抗体（HbsAb)，定性,肝炎病毒,,mixed
050203,乙型肝炎E抗体(HbeAb)，定性,HbeAb,乙型肝炎E抗体（HbeAb），定性,肝炎病毒,,mixed
050204,乙型肝炎E抗原(HbeAg)，定性,HbeAg,乙型肝炎E抗原（HbeAg），定性,肝炎病毒,,mixed
050205,乙型肝炎抗核心抗体(HbcAb)，定性,HbcAb,,肝炎病毒,,mixed
050206,乙型脑炎病毒抗体,EEBV-IgG,,肝炎病毒,,mixed
050207,乙型脑炎病毒抗体IgM,EEBV-IgM,,肝炎病毒,,mixed
050209,甲型肝炎抗体IgM，定性,HAV-IgM,,肝炎病毒,,mixed
050210,甲型肝炎抗体IgG，定性,HAV-IgG,,肝炎病毒,,mixed
050211,新型冠状病毒IgG抗体,SARS-CoV-2,,营养/感染/其他,,mixed
050212,新型冠状病毒IgM抗体,SARS-CoV-2,,营养/感染/其他,,mixed
050213,"戊型肝炎病毒抗体IgG,ELISA法",HEV-IgG,,肝炎病毒,,mixed
050214,"戊型肝炎病毒抗体IgM,ELISA法",HEV-IgM,,肝炎病毒,,mixed
050215,"戊型肝炎病毒抗体IgG,化学发光法",,,肝炎病毒,,mixed
050216,"庚型肝炎病毒抗体IgG,ELISA法",HGV-IgG,,肝炎病毒,,mixed
050217,"丁型肝炎IgG,ELISA法",,,肝炎病毒,,mixed
050218,"丁型肝炎IgM,ELISA法",,,肝炎病毒,,mixed
050219,"丁型肝炎抗原,ELISA法",,,肝炎病毒,,mixed
050220,"戊型肝炎病毒RNA检测,实时PCR法",HEVRNA,,肝炎病毒,,mixed
050221,丙型肝炎病毒核心抗原测定,HCV-Ag,,肝炎病毒,,mixed
050222,肺炎支原体DNA,MP-DNA,,肝炎病毒,,mixed
050223,乙肝前S1抗原,PreS1Ag,,肝炎病毒,,mixed
050224,庚肝抗体IGg,HGV,,肝炎病毒,,mixed
050225,高灵敏HIV-1 RNA检测,HIV-1 RNA,,肝炎病毒,,mixed
050226,结核杆菌抗体,Tb-Ab,,肝炎病毒,,mixed
050227,副流感病毒IgM抗体,PIV,,肝炎病毒,,mixed
050228,呼吸道合胞病毒抗体IgG,RSV-IgG,,肝炎病毒,,mixed
050229,呼吸道合胞病毒抗体IgM,RSV-IgM,,肝炎病毒,,mixed
050230,肺炎支原体抗体IgG,MP-Ab-IgG,,肝炎病毒,,mixed
050231,肺炎衣原体抗体IgG,CP-Ab-IgG,,肝炎病毒,,mixed
050232,快速乙肝表面抗原检测,HBsAg,,肝炎病毒,,mixed
050233,梅毒螺旋体(TP-DNA)定性,TP-DNA,,肝炎病毒,,mixed
050234,嗜肺军团菌IgM抗体,LP-Ab,,肝炎病毒,,mixed
050235,立克次体IgM抗体,Cb-Ab,,肝炎病毒,,mixed
050236,腺病毒IgM抗体,ADV-IgM,,肝炎病毒,,mixed
050237,肺炎衣原体抗体IGM,CP-IgM,,肝炎病毒,,mixed
050238,柯萨奇病毒IgG抗体,CSV-IgG,,肝炎病毒,,mixed
050239,柯萨奇病毒IgM抗体,CSV-IgM,,肝炎病毒,,mixed
050240,埃可病毒抗体IgG,AK-IgG,,肝炎病毒,,mixed
050241,埃可病毒抗体IgM,AK-IgM,,肝炎病毒,,mixed
050601,前白蛋白(甲状腺素蛋白),PAB,★前白蛋白（甲状腺素蛋白）,甲状腺功能,,mixed
050602,血清蛋白电泳,XQDB,,甲状腺功能,,mixed
050603,超敏促甲状腺激素,TSH,★超敏促甲状腺激素(TSH);超敏促甲状腺激素(TSH),甲状腺功能,,mixed
050703,游离甲状腺素,FT4,★游离甲状腺素(FT4);游离甲状腺素(FT4),甲状腺功能,,mixed
050704,甲状腺结合球蛋白,TBG,,甲状腺功能,,mixed
050801,类风湿因子,RF,★类风湿因子(RF）;类风湿因子(RF),风湿免疫,,mixed
050803,抗链球菌溶血素,ASO,★抗链球菌溶血素(ASO);抗链球菌溶血素(ASO),风湿免疫,,mixed
050804,抗环瓜氨酸肽抗体,A-CCP,抗环瓜氨酸肽抗体(A-CCP),风湿免疫,,mixed
050805,C-反应蛋白,CRP,C-反应蛋白(CRP),风湿免疫,,mixed
050806,鳞状上皮细胞癌抗原,SCC,★鳞状上皮细胞癌抗原(SCC);鳞状上皮细胞癌抗原(SCC),肿瘤标志物,,mixed
050807,前列腺特异性抗原,TPSA,★前列腺特异性抗原(TPSA);前列腺特异性抗原(TPSA),肿瘤标志物,,mixed
050808,人乳头瘤病毒HPV检测,HPV,人乳头瘤病毒HPV检测(HPV),HPV检测,,mixed
050810,泌乳素,PRL,泌乳素(PRL),性激素,,mixed
050811,睾酮,TESTO,睾酮(TESTO),性激素,,mixed
050812,孕酮,PROG,孕酮(PROG),性激素,,mixed
050813,雌二醇,E2,雌二醇(E2),性激素,,mixed
050814,促黄体生成素,LH,促黄体生成素(LH),性激素,,mixed
050815,促卵泡素,FSH,促卵泡素(FSH),性激素,,mixed
050816,硫酸脱氢表雄酮,DHEA-S,硫酸脱氢表雄酮(DHEA-S),性激素,,mixed
050817,褪黑素,MELA,,性激素,,mixed
050818,11-脱氧皮质醇,11-DOF,,性激素,,mixed
050819,硫酸去氢表酮,DHEA-SO4,,性激素,,mixed
050820,11-脱氧皮质酮,11-DOC,,性激素,,mixed
050821,雌三醇,E3,,性激素,,mixed
050822,17-羟皮质类固醇,17-OHCS,,性激素,,mixed
050823,17-酮皮质类固醇,17-KS,,性激素,,mixed
050824,香草扁桃酸,VMA,,性激素,,mixed
050825,17-羟黄体酮,17-OHP4,,性激素,,mixed
050826,2-甲氧基雌酮/2-羟基雌酮,2-MeOE1/2-OHE1,,性激素,,mixed
050827,2-羟基雌酮/16α-羟基雌酮,2-OHE1/16α-OHE1,,性激素,,mixed
050828,4-甲氧基雌酮/4-羟基雌酮,4-MeOE1/4-OHE1,,性激素,,mixed
050829,5-甲基四氢叶酸,5-MTHF,,性激素,,mixed
050830,5-羟引朵醋酸,5-HIAA,,性激素,,mixed
050831,半胱氨酸,Cysteine,,性激素,,mixed
050832,丙氨酸,Alanine,,性激素,,mixed
050833,丙酯,PP,,性激素,,mixed
050834,对称性二甲基精氨酸,SDMA,,性激素,,mixed
050835,二氢睾酮,DHT,,性激素,,mixed
050836,非对称性二甲基精氨酸,ADMA,,性激素,,mixed
050837,甘氨酸,Glycine,,性激素,,mixed
050838,谷氨酸,Glutamic acid,,性激素,,mixed
050839,谷氨酸盐,Glutamate,,性激素,,mixed
050840,谷氨酰胺,Glutamine,,性激素,,mixed
050841,钙卫蛋白,calprotectin,,性激素,,mixed
050842,瓜氨酸,Citrulline,,性激素,,mixed
050843,甲硫氨酸,Methionine,,性激素,,mixed
050844,赖氨酸,lysine,,性激素,,mixed
050845,酪氨酸,Tyrosine,,性激素,,mixed
050846,亮氨酸,Leucine,,性激素,,mixed
050847,牛磺酸,Taurine,,性激素,,mixed
050848,脯氨酸,Proline,,性激素,,mixed
050849,色氨酸,Tryptophan,,性激素,,mixed
050850,失活性叶酸,UMFA,,性激素,,mixed
050851,硝化酪氨酸,Nitrotyrosine,,性激素,,mixed
050852,丝氨酸,Serine,,性激素,,mixed
050853,缬氨酸,Valine,,性激素,,mixed
050903,癌胚抗原,CEA,★癌胚抗原(CEA);癌胚抗原(CEA),肿瘤标志物,,mixed
050905,游离前列腺特异抗原,FPSA,游离前列腺特异抗原(FPSA),肿瘤标志物,,mixed
0509806,游离/总前列腺特异抗原,FPSA/TPSA,游离/总前列腺特异抗原(FPSA/TPSA),肿瘤标志物,,mixed
051001,糖类抗原19-9,CA19-9,糖类抗原19-9(CA19-9);CA199,肿瘤标志物,,mixed
051002,糖类抗原12-5,CA12-5,★糖类抗原12-5(CA12-5);糖类抗原12-5(CA12-5);CA125,肿瘤标志物,,mixed
051003,糖类抗原15-3,CA15-3,★糖类抗原15-3(CA15-3);糖类抗原15-3(CA15-3);CA153,肿瘤标志物,,mixed
051004,糖类抗原242,CA24-2,糖类抗原242（CA24-2）;糖类抗原242(CA24-2),肿瘤标志物,,mixed
051005,糖类抗原72-4,CA72-4,★糖类抗原72-4(CA72-4);糖类抗原72-4(CA72-4);CA724,肿瘤标志物,,mixed
051006,神经元特异性烯醇化酶,NSE,★神经元特异性烯醇化酶(NSE);神经元特异性烯醇化酶(NSE),肿瘤标志物,,mixed
051007,糖类抗原50,CA-50,糖类抗原50(CA-50),肿瘤标志物,,mixed
051008,α-L-岩藻糖苷酶-AFU,AFU,,肿瘤标志物,,mixed
051009,抑制素A,InhA,,肿瘤标志物,,mixed
051010,超敏生长激素,hGH,,肿瘤标志物,,mixed
051011,降钙素原,PCT,★降钙素原,肿瘤标志物,,mixed
051012,恶性肿瘤特异生长因子,TSGF,,肿瘤标志物,,mixed
051013,肿瘤坏死因子β,TNF β,肿瘤坏死因子β(TNF β),肿瘤标志物,,mixed
051304,幽门螺旋杆菌抗体,HP-Ab,,营养/感染/其他,,mixed
051400,维生素D2/维生素D3,,,营养/感染/其他,,mixed
051401,25-羟基维生素D2,,,营养/感染/其他,,mixed
051402,25-羟基维生素D3,,,营养/感染/其他,,mixed
051403,25-羟基维生素D总水平,,,营养/感染/其他,,mixed
051404,肌红蛋白(电化学发光法),MYO,肌红蛋白（电化学发光法）,心肌标志物/炎症,,mixed
051405,幽门螺旋杆菌呼气试验,C-14,幽门螺旋杆菌呼气试验(C-14),营养/感染/其他,,mixed
051406,同型半胱氨酸,HCY,★同型半胱氨酸(HCY);同型半胱氨酸(HCY),心肌标志物/炎症,,mixed
051407,超敏C反应蛋白,hs-CRP,超敏C反应蛋白(hs-CRP),心肌标志物/炎症,,mixed
051408,乳酸脱氢酶,LDH,★乳酸脱氢酶(LDH);乳酸脱氢酶(LDH),心肌标志物/炎症,,mixed
051409,α-羟基丁酸脱氢酶(α-HBDH),α-HBDH,,心肌标志物/炎症,,mixed
051410,肌酸激酶,CK,★肌酸激酶(CK);肌酸激酶(CK),心肌标志物/炎症,,mixed
051411,肌酸激酶MB型同工酶,CK-MB,肌酸激酶MB型同工酶(CK-MB),心肌标志物/炎症,,mixed
051412,肌红蛋白,Myo,肌红蛋白(Myo),心肌标志物/炎症,,mixed
051413,高敏肌钙蛋白,hs-cTnT,高敏肌钙蛋白(hs-cTnT),心肌标志物/炎症,,mixed
051414,N端脑利尿钠肽前体,NT-proBNP,N端脑利尿钠肽前体(NT-proBNP),心肌标志物/炎症,,mixed
051415,叶酸,FOL,★叶酸(FOL);叶酸(FOL),营养/感染/其他,,mixed
051416,维生素B12,VitB12,★维生素B12(VitB12);维生素B12(VitB12),营养/感染/其他,,mixed
051417,25-羟基维生素D,25 OH VitD,★25-羟基维生素D,营养/感染/其他,,mixed
051419,梅毒密螺旋体抗体,TP-Ab,梅毒密螺旋体抗体(TP-Ab),感染标志物,,mixed
051420,"梅毒螺旋抗体,定性",,,感染标志物,,mixed
051421,胃泌素G17,,,营养/感染/其他,,mixed
051422,甲肝病毒抗体IgG,HAV-IgG,甲肝病毒抗体IgG(HAV-IgG),营养/感染/其他,,mixed
051423,胃蛋白酶原Ⅰ(PGⅠ),PGⅠ,,营养/感染/其他,,mixed
051424,胃蛋白酶原Ⅱ(PGⅡ),PGⅡ,,营养/感染/其他,,mixed
051425,甲肝病毒抗体IgM,HAV-IgM,甲肝病毒抗体IgM(HAV-IgM);IgM,肝炎病毒,,mixed
051426,人附睾蛋白,HE4,人附睾蛋白(HE4),肿瘤标志物,,mixed
051427,中枢神经特异蛋白,S100β,中枢神经特异蛋白(S100β),肿瘤标志物,,mixed
051428,细胞角蛋白19片段,CYFRA21-1,★细胞角蛋白19片段(CYFRA21-1);细胞角蛋白19片段(CYFRA21-1),肿瘤标志物,,mixed
051429,胃泌素释放肽前体,ProGRP,胃泌素释放肽前体(ProGRP),肿瘤标志物,,mixed
051430,脂蛋白相关磷脂酶A2,LP-PLA2,脂蛋白相关磷脂酶A2（LP-PLA2）;脂蛋白相关磷脂酶A2(LP-PLA2),肿瘤标志物,,mixed
051432,抗缪勒管激素,AMH,抗缪勒管激素(AMH),营养/感染/其他,,mixed
051433,巨细胞病毒IgG抗体，定量,CMV-IgG-Ab,巨细胞病毒IgG抗体，定量(CMV-IgG-Ab),营养/感染/其他,,mixed
051434,巨细胞病毒IgM抗体，定量,CMV-Ab,巨细胞病毒IgM抗体，定量(CMV-Ab),营养/感染/其他,,mixed
051435,风疹病毒IgG抗体,RV-IgG-Ab,风疹病毒IgG抗体(RV-IgG-Ab),营养/感染/其他,,mixed
051436,风疹病毒IgM抗体,RV-Ab,风疹病毒IgM抗体(RV-Ab),营养/感染/其他,,mixed
051437,新型冠状病毒核酸筛查,SARS-CoV-2,,营养/感染/其他,,mixed
051438,弓形体IgG抗体,TOX-IgG-Ab,弓形体IgG抗体(TOX-IgG-Ab),营养/感染/其他,,mixed
051440,胰岛素样生长因子结合蛋白-3,,,营养/感染/其他,,mixed
051441,β-人绒毛膜促性腺激素,β-HCG,★β-人绒毛膜促性腺激素(β-HCG);β-人绒毛膜促性腺激素(β-HCG),性激素,,mixed
051442,胰岛素样生长因子,IGF-1,胰岛素样生长因子(IGF-1),营养/感染/其他,,mixed
051443,弓形体IgM抗体,TOX-Ab,弓形体IgM抗体(TOX-Ab),营养/感染/其他,,mixed
051444,人类白细胞抗原B27测定,HLA-B27,,营养/感染/其他,,mixed
051445,"人类白细胞分化抗原HLA-B27-DNA,PCR法",W,"人类白细胞分化抗原HLA-B27-DNA,PCR法(W);HLA-B27-DNA",营养/感染/其他,,mixed
051446,绝经前ROMA指数,ROMA,绝经前ROMA指数(ROMA),肿瘤标志物,,mixed
051447,绝经后ROMA指数,ROMA,绝经后ROMA指数(ROMA),肿瘤标志物,,mixed
051448,XXXXNEWS,XXXXNEWS,,肿瘤标志物,,mixed
051451,维生素B1,,,营养/感染/其他,,mixed
051452,维生素B2,,,营养/感染/其他,,mixed
051453,维生素B3,,,营养/感染/其他,,mixed
051456,维生素B6,,,营养/感染/其他,,mixed
051457,维生素B5,,,营养/感染/其他,,mixed
051459,维生素B9,,,营养/感染/其他,,mixed
051460,δ-维生素E,δ-Tocopherol,,特殊检验,,mixed
051461,γ-维生素E,γ-Tocopherol,,特殊检验,,mixed
051462,α-维生素E,α-Tocopherol,,特殊检验,,mixed
051463,维生素A,Vitamin A,,特殊检验,,mixed
051464,维生素E,Vitamin E,,特殊检验,,mixed
051465,维生素K1,Vitamin K1,,特殊检验,,mixed
051466,叶绿醌(维生素K1),phylloquinone,叶绿醌（维生素K1）,特殊检验,,mixed
051467,甲萘醌-7(维生素K2),Menadione7,甲萘醌-7（维生素K2）,特殊检验,,mixed
051468,甲萘醌-4(维生素K3),Menadione4,甲萘醌-4（维生素K3）,特殊检验,,mixed
051501,神经丝轻链蛋白,SJCS,,营养/感染/其他,,mixed
051502,磷酸化Tau181蛋白,Tau181,,营养/感染/其他,,mixed
051503,淀粉样蛋白Aβ42,Aβ42,,营养/感染/其他,,mixed
051504,淀粉样蛋白Aβ40,Aβ40,,营养/感染/其他,,mixed
051505,Aβ42/Aβ40比值,,,营养/感染/其他,,mixed
051506,微管相关蛋白Tau蛋白,Tau,,营养/感染/其他,,mixed
051508,抗HA抗体(肌炎系列),HA,,特殊检验,,mixed
051509,抗PL-12抗体(肌炎系列),PL-12,,特殊检验,,mixed
051510,抗SRP抗体(肌炎系列),SRP,,特殊检验,,mixed
051511,抗NXP2抗体(肌炎系列),NXP2,,特殊检验,,mixed
051512,抗OJ抗体(肌炎系列),OJ,,特殊检验,,mixed
051513,抗Th/To抗体(肌炎系列),Th/To,,特殊检验,,mixed
051514,抗Fibrillarin抗体(肌炎系列),Fibrillarin,,特殊检验,,mixed
051515,抗EJ抗体(肌炎系列),EJ,,特殊检验,,mixed
051516,抗MDA5抗体(肌炎系列),MDA5,,特殊检验,,mixed
051517,抗SAE2抗体(肌炎系列),SAE2,,特殊检验,,mixed
051518,抗RNA-PⅢ抗体(肌炎系列),RNA-PⅢ,,特殊检验,,mixed
051519,抗NOR-90抗体(肌炎系列),NOR-90,,特殊检验,,mixed
051520,抗PL-7抗体(肌炎系列),PL-7,,特殊检验,,mixed
051521,抗KS抗体(肌炎系列),KS,,特殊检验,,mixed
051522,抗PM-SCL100抗体(肌炎系列),PM-SCL100,,特殊检验,,mixed
051523,抗PM-SCL75抗体(肌炎系列),PM-SCL75,,特殊检验,,mixed
051524,抗SAE1抗体(肌炎系列),SAE1,,特殊检验,,mixed
051525,抗ZO抗体,ZO,,特殊检验,,mixed
051529,抗胰岛细胞抗体,ICA-IgG,抗胰岛细胞抗体(ICA-IgG),特殊检验,,mixed
051530,抗子宫内膜抗体,EMAb,,特殊检验,,mixed
051531,抗β2糖蛋白1IgA抗体,β2 GPI-IgA,,特殊检验,,mixed
051532,抗β2糖蛋白1IgG抗体,β2 GPI-IgG,,特殊检验,,mixed
051533,抗β2糖蛋白1IgM抗体,β2 GPI-IgM,,特殊检验,,mixed
051534,抗精子抗体IgG,AsAb,,特殊检验,,mixed
051535,抗精子抗体,IgA,抗精子抗体(IgA);AsAb-IgA,特殊检验,,mixed
051536,封闭抗体HLA,HLA,,特殊检验,,mixed
051537,抗透明带抗体,aZP,,特殊检验,,mixed
051538,抗MI-2β抗体(肌炎系列),MI-2β,,特殊检验,,mixed
051539,抗MI-2a抗体(肌炎系列),MI-2a,,特殊检验,,mixed
051540,抗RA-33抗体,RA33-Ab,,特殊检验,,mixed
051541,抗肾小球基底膜抗体GBM,GBM,,特殊检验,,mixed
051542,抗平滑肌抗体,ASMA,抗平滑肌抗体(ASMA),特殊检验,,mixed
051543,抗线粒体抗体,AMA,抗线粒体抗体(AMA),特殊检验,,mixed
051544,抗C1q抗体,C1q,,特殊检验,,mixed
051545,抗核周因子,APF,抗核周因子(APF),特殊检验,,mixed
051546,抗内因子抗体(IFA)IgG,IFA-igG,,特殊检验,,mixed
051547,抗胃壁细胞抗体PCA-IgG,PCA-IgG,,特殊检验,,mixed
051548,抗磷脂酶A2受体抗体,PLA2R,抗磷脂酶A2受体抗体(PLA2R),特殊检验,,mixed
051549,抗TIF1γ抗体(肌炎系列),TIF1γ,,特殊检验,,mixed
051550,抗乙酰胆碱受体抗体,AchR-Ab,抗乙酰胆碱受体抗体(AchR-Ab),营养/感染/其他,,mixed
051551,人肌肉特异性酪氨酸激酶抗体,Muskab,人肌肉特异性酪氨酸激酶抗体(Muskab),营养/感染/其他,,mixed
051552,人抗连接素抗体,Titin-Ab,人抗连接素抗体(Titin-Ab),营养/感染/其他,,mixed
051553,人抗兰尼碱受体钙释放通道抗体,RyR-Ab,人抗兰尼碱受体钙释放通道抗体(RyR-Ab),营养/感染/其他,,mixed
051554,抗双链DNA抗体,dsDNA,,营养/感染/其他,,mixed
051555,抗核抗体ANA,ANA,,营养/感染/其他,,mixed
051556,抗RO52抗体,SSA/RO 52,,营养/感染/其他,,mixed
051557,着丝点B蛋白,CENP-B,,营养/感染/其他,,mixed
051558,抗线粒体亚型-2抗体,AMA-M2,,营养/感染/其他,,mixed
051559,抗可溶性肝抗原/肝胰抗原抗体,SLA/LP,,营养/感染/其他,,mixed
051560,抗肝肾微粒体抗体,LKM-1,,营养/感染/其他,,mixed
051561,抗肝溶质抗原1型抗体,LC-1,,营养/感染/其他,,mixed
051562,抗sp100抗体,SP100,,营养/感染/其他,,mixed
051563,抗gp210抗体,gp210,,营养/感染/其他,,mixed
051564,抗胰岛素IgG抗体,IAA-IgG,,营养/感染/其他,,mixed
051565,锌转运体8抗体,ZnT8,,营养/感染/其他,,mixed
051566,酪氨酸磷酸酶抗体,IA-2Ab,,营养/感染/其他,,mixed
051567,抗谷氨酸脱羧酶抗体,GAD-Ab,,营养/感染/其他,,mixed
051568,抗增殖细胞核抗原抗体,PCNA,,营养/感染/其他,,mixed
051569,抗Sm-D1抗体,Sm-D1,,营养/感染/其他,,mixed
051570,抗U1-RNP抗体,U1-RNP,,营养/感染/其他,,mixed
051571,抗核小体抗体,AnuA,,营养/感染/其他,,mixed
051572,抗组蛋白抗体,AHA,,营养/感染/其他,,mixed
051573,抗SS-A/RO60抗体,RO60,,营养/感染/其他,,mixed
051574,抗SS-B/La抗体,SS-B/La,,营养/感染/其他,,mixed
051575,抗ScL-70抗体,ScL-70,,营养/感染/其他,,mixed
051576,抗Jo-1抗体,Jo-1,,营养/感染/其他,,mixed
051578,抗核糖体P蛋白抗体,Po,,营养/感染/其他,,mixed
051579,抗PM-SCL抗体(肌炎系列),PM-SCL,,营养/感染/其他,,mixed
051580,抗Mi-2抗体(肌炎系列),Mi-2,,营养/感染/其他,,mixed
051581,抗KU抗体(肌炎系列),KU,,营养/感染/其他,,mixed
051582,抗U1RNP/抗Sm,U1RNP/Sm,,营养/感染/其他,,mixed
051583,抗蛋白酶3抗体,PR3-Ab,抗蛋白酶3抗体(PR3-Ab),营养/感染/其他,,mixed
051584,抗蛋白酶3抗体(1:100),,抗蛋白酶3抗体（1:100）,营养/感染/其他,,mixed
051585,抗蛋白酶3抗体(1:200),,抗蛋白酶3抗体（1:200）,营养/感染/其他,,mixed
051586,抗蛋白酶3抗体(1:400),,抗蛋白酶3抗体（1:400）,营养/感染/其他,,mixed
051587,抗髓过氧化物酶抗体MPO,MPO,,营养/感染/其他,,mixed
051588,抗髓过氧化物酶抗体(1:100),,抗髓过氧化物酶抗体（1:100）,营养/感染/其他,,mixed
051589,抗髓过氧化物酶抗体(1:200),,抗髓过氧化物酶抗体（1:200）,营养/感染/其他,,mixed
051590,抗髓过氧化物酶抗体(1:400),,抗髓过氧化物酶抗体（1:400）,营养/感染/其他,,mixed
051591,抗中性粒细胞胞浆抗体CANCA(胞浆型),CANCA,抗中性粒细胞胞浆抗体CANCA（胞浆型）,营养/感染/其他,,mixed
051592,抗中性粒细胞胞浆抗体PANCA(核周型),PANCA,,营养/感染/其他,,mixed
051593,抗角蛋白抗体,AKA,抗角蛋白抗体(AKA),营养/感染/其他,,mixed
051594,髓过氧化物酶MPO,MPO,,营养/感染/其他,,mixed
051595,血管内皮生长因子VEGF,VEGF,,营养/感染/其他,,mixed
051596,抗内皮细胞抗体,ACEA,,营养/感染/其他,,mixed
051601,CD3+ T细胞/淋巴细胞,,,病理,,mixed
051602,CD3+CD4+ T细胞/淋巴细胞,,,病理,,mixed
051603,CD3+CD8+ T细胞/淋巴细胞,,,病理,,mixed
051604,CD3+CD+ T细胞/CD3+CD8+ T细胞,,,病理,,mixed
051605,CD3+ T细胞绝对数,,,病理,,mixed
051606,CD3+CD4+ T细胞绝对数,,,病理,,mixed
051607,CD3+CD8+ T细胞绝对数,,,病理,,mixed
051608,B细胞绝对数,,,病理,,mixed
051609,NK细胞绝对数,,,病理,,mixed
051610,NK细胞/淋巴细胞,,,病理,,mixed
051611,B细胞/淋巴细胞,,,病理,,mixed
051612,白细胞介素2,IL-2,白细胞介素2(IL-2),病理,,mixed
051613,r干扰素,IFN-r,r干扰素(IFN-r),病理,,mixed
051614,白细胞介素4,IL-4,白细胞介素4(IL-4),病理,,mixed
051615,白细胞介素6,IL-6,白细胞介素6(IL-6),病理,,mixed
051616,白细胞介素10,IL-10,白细胞介素10(IL-10),病理,,mixed
051617,肿瘤坏死因子(TNFα),,,病理,,mixed
051618,p53自身抗体,p53,,病理,,mixed
051619,SOX2自身抗体,SOX2,,病理,,mixed
051620,CAGE自身抗体,CAGE,,病理,,mixed
051621,GAGE7自身抗体,GAGE7,,病理,,mixed
051622,MAGE A1自身抗体,MAGE A1,,病理,,mixed
051623,PGP9.5自身抗体,PGP9.5,,病理,,mixed
051624,GBU4-5自身抗体,GBU4-5,,病理,,mixed
051625,CD3-CD19+ B淋巴细胞(总B)百分比,CD3-CD19+,CD3-CD19+ B淋巴细胞（总B）百分比,病理,,mixed
051626,CD3+ T淋巴细胞(总T)百分比,CD3+,CD3+ T淋巴细胞（总T)百分比,病理,,mixed
051627,CD3-CD16+/CD56+NK细胞百分比,CD3-CD16+/CD56+,,病理,,mixed
051628,CD3-CD19+(B淋巴细胞-总B-B细胞绝对数),CD3-CD19+,CD3-CD19+（B淋巴细胞-总B-B细胞绝对数）,病理,,mixed
051629,CD3-CD16+/CD56+(NK细胞绝对数),CD3-CD16+/CD56+,CD3-CD16+/CD56+（NK细胞绝对数）,病理,,mixed
051630,CD3+CD4+ 辅助/诱导性T细胞百分比,CD3+CD4+,,病理,,mixed
051631,CD3+CD8+抑制/杀伤性T细胞百分比,CD3+CD8+,,病理,,mixed
051632,Th1(IFN-γ+CD4+)占CD4+细胞比例,Th1(IFN-γ+CD4+),,病理,,mixed
051633,Th2(IL-4+CD4+)占CD4+细胞比例,Th2(IL-4+CD4+),,病理,,mixed
051634,Th17(IL-17+CD4+)占CD4+细胞比例,Th17(IL-17+CD4+),,病理,,mixed
051635,Tc1(IFN-γ+CD8+)占CD8+细胞比例,Tc1(IFN-γ+CD8+),,病理,,mixed
051636,Tc2(IL-4+CD8+)占CD8+细胞比例,Tc2(IL-4+CD8+),,病理,,mixed
051637,Treg(CD25+FOXP3+)占CD4+细胞比例,Treg（CD25+FOXP3+）,Treg（CD25+FOXP3+）占CD4+细胞比例,病理,,mixed
051638,Th1(IFN-γ+CD4+)绝对计数,Th1(IFN-γ+CD4+),,病理,,mixed
051639,Th2(IL-4+CD4+)绝对计数,Th2(IL-4+CD4+),,病理,,mixed
051640,Th17(IL-17+CD4+)绝对计数,Th17(IL-17+CD4+),,病理,,mixed
051641,Tc1(IFN-γ+CD8+)绝对计数,Tc1(IFN-γ+CD8+),,病理,,mixed
051642,Tc2(IL-4+CD8+)绝对计数,Tc2(IL-4+CD8+),,病理,,mixed
051643,Treg(CD25+FOXP3+)绝对计数,Treg（CD25+FOXP3+）,Treg（CD25+FOXP3+）绝对计数,病理,,mixed
051644,Th1/Th2,Th1/Th2,,病理,,mixed
051645,Th17/Treg,Th17/Treg,,病理,,mixed
051646,白细胞介素12p70,IL-12p70,,病理,,mixed
051647,白细胞介素17A,IL-17A,,病理,,mixed
051648,白细胞介素17F,IL-17F,,病理,,mixed
051649,HLA-DR18-DNA,HLA-DR18-DNA,,病理,,mixed
051650,HLA-DR3-DNA,HLA-DR3-DNA,,病理,,mixed
051651,HLA-DR4-DNA,HLA-DR4-DNA,,病理,,mixed
051652,HLA-DR17-DNA,HLA-DR17-DNA,,病理,,mixed
051653,白介素12,IL12,,病理,,mixed
051654,白介素17,IL17,,病理,,mixed
051655,白介素1β,IL1β,,病理,,mixed
051656,白介素5,IL5,,病理,,mixed
051657,白介素8,IL8,,病理,,mixed
051658,干扰素α,IFNα,,病理,,mixed
051659,NAD+血液抗衰水平,,,病理,,mixed
051660,NAD水平分析,,,病理,,mixed
051801,雄烯二酮,AD,,性激素,,mixed
051802,孕烯醇酮,Pregnenolone(P5),,性激素,,mixed
051803,17-羟孕烯醇酮,17-OHP5,,性激素,,mixed
051804,双氢睾酮,DHT,,性激素,,mixed
051805,皮质酮,CORT,,性激素,,mixed
051806,脱氢表雄酮,DHEA,,性激素,,mixed
051807,游离睾酮,FT,,性激素,,mixed
051808,雌酮,E1,,性激素,,mixed
051809,17-羟孕酮,17-OHP4,,性激素,,mixed
051810,醛固酮,ALD,,性激素,,mixed
051819,21-脱氧皮质醇,,,性激素,,mixed
051820,可的松,Cortisone,,性激素,,mixed
051821,"皮质醇,质谱",Cortisol,,性激素,,mixed
051822,脱氢表雄酮硫酸盐,DHEA-S,,性激素,,mixed
060101,废,,,血液流变学,,mixed
060107,血沉,ESR,血沉(ESR),血液流变学,,mixed
060108,废,,,血液流变学,,mixed
060109,全血高切相对指数,,,血液流变学,,mixed
060110,全血低切相对指数,,,血液流变学,,mixed
060111,血沉方程K值,,,血液流变学,,mixed
060112,红细胞聚集指数,,,血液流变学,,mixed
060113,全血低切还原粘度,,,血液流变学,,mixed
060114,全血高切还原粘度,,,血液流变学,,mixed
060115,红细胞变形指数,,,血液流变学,,mixed
060116,红细胞刚性指数,,,血液流变学,,mixed
060117,红细胞电泳指数,,,血液流变学,,mixed
060118,红细胞压积,,,血液流变学,,mixed
060119,全血低切粘度,1/s,全血低切粘度(1/s),血液流变学,,mixed
060120,全血低切粘度,5/s,全血低切粘度(5/s),血液流变学,,mixed
060121,全血中切粘度,30/s,全血中切粘度(30/s),血液流变学,,mixed
060122,全血高切粘度,200/s,全血高切粘度(200/s),血液流变学,,mixed
060123,血浆粘度,,,血液流变学,,mixed
060124,全血中切粘度,50/s,全血中切粘度(50/s);ηa30(1/s),血液流变学,,mixed
060125,全血粘度:中切 60,1/s,全血粘度:中切 60(1/s);ηa60(1/s),血液流变学,,mixed
060126,全血粘度(高切)│150,1/S,全血粘度(高切)│150(1/S);ηa80(1/s),血液流变学,,mixed
060127,全血还原粘度(中切),ηn(ZQ),,血液流变学,,mixed
060128,血小板粘附率,XXBNFL,,血液流变学,,mixed
060129,血小板聚集率,1,血小板聚集率(1);XXBJJL1,血液流变学,,mixed
060130,血小板聚集率,3,血小板聚集率(3);XXBJJL3,血液流变学,,mixed
060131,血小板聚集率,M,血小板聚集率(M);XXBJJLM,血液流变学,,mixed
071430,淋球菌核酸检测,NG-DNA,淋球菌核酸检测(NG-DNA),基因检测,,mixed
071431,解脲支原体核酸检测,UU-DNA,解脲支原体核酸检测(UU-DNA),基因检测,,mixed
071432,沙眼衣原体核酸检测,CT-DNA,沙眼衣原体核酸检测(CT-DNA),基因检测,,mixed
071433,人 BRAF基因突变检测,,,基因检测,,mixed
071434,PCA3基因表达量检测,,,基因检测,,mixed
071435,EGFR基因突变检测,,,基因检测,,mixed
071436,肥胖易感基因GNB3825T多态性,,,基因检测,,mixed
071437,亚甲基四氢叶酸还原酶(MTHFR)基因C6771突变,,亚甲基四氢叶酸还原酶（MTHFR）基因C6771突变,基因检测,,mixed
071438,PAI-1基因4G5G多态性检测,,,基因检测,,mixed
071439,人类免疫缺陷病毒抗体,HIV-Ab,人类免疫缺陷病毒抗体(HIV-Ab),基因检测,,mixed
071440,TCT液基薄层检查,TCT,,基因检测,,mixed
071441,人类免疫缺陷病毒抗体，定性,HIV-Ab,,营养/感染/其他,,mixed
080102,ABO血型,ABO,,血型,,qualitative
080103,ABO血型(反定型),ABO,ABO血型（反定型）,血型,,qualitative
080104,RH(D)血型,RH,,血型,,qualitative
080801,单纯疱疹I型病毒IgG抗体,HSV-I-IgG-Ab,,白带/分泌物,,mixed
080802,单纯疱疹II型病毒IgG抗体,HSV-II-IgG-Ab,,白带/分泌物,,mixed
080803,巨细胞病毒IgG抗体，定性,CMV-IgG,,白带/分泌物,,mixed
080804,巨细胞病毒IgM抗体，定性,CMV-IgM,,白带/分泌物,,mixed
080805,单纯疱疹病毒IgM抗体,HSV-II-IgM,,白带/分泌物,,mixed
080806,单纯疱疹病毒IgM抗体,HSV-Ⅰ-IgM,,白带/分泌物,,mixed
080807,弓形虫IgG抗体,TOX-IgG,,白带/分泌物,,mixed
080808,弓形虫IgM抗体,TOX-IgM,,白带/分泌物,,mixed
080809,风疹病毒IgG抗体,RV-IgG,,白带/分泌物,,mixed
080810,风疹病毒IgM抗体,RV-IgM,,白带/分泌物,,mixed
080811,巨细胞病毒(CMV-DNA)，定量,,,白带/分泌物,,mixed
080812,巨细胞病毒(CMV-DNA)，定性,,,白带/分泌物,,mixed
080813,前列腺小体外泄蛋白,PSEP,前列腺小体外泄蛋白(PSEP),白带/分泌物,,mixed
080901,颜色(精子),color,,白带/分泌物,,qualitative
080902,节欲天数,JYTS,,白带/分泌物,,mixed
080903,室温,sw,,白带/分泌物,,mixed
080904,精液量,jyl,,白带/分泌物,,mixed
080905,液化状态,yhzt,,白带/分泌物,,mixed
080906,PH值,PH,,白带/分泌物,,mixed
080907,液化时间,yhsj,,白带/分泌物,,mixed
080908,颜色,colour,,白带/分泌物,,qualitative
080909,嗅味,xw,,白带/分泌物,,mixed
080910,粘稠度,ncd,,白带/分泌物,,mixed
080911,样本精子总数,JZZS,,白带/分泌物,,mixed
080912,取精方式,qjfs,,白带/分泌物,,mixed
080913,凝聚度,NJD,,白带/分泌物,,mixed
080914,被检精子总数,bjjzzs,,白带/分泌物,,mixed
080915,精子密度,jzmd,,白带/分泌物,,mixed
080916,活动精子总数,jzhl,,白带/分泌物,,mixed
080917,精子活力,jzhl,,白带/分泌物,,mixed
080918,精子活力a+b级,a+b,,白带/分泌物,,mixed
080919,平均曲线速度VCL,VCL,,白带/分泌物,,mixed
080920,平均路径速度VAP,VAP,,白带/分泌物,,mixed
080921,平均直线速度VSL,VSL,,白带/分泌物,,mixed
080922,平均侧摆幅度ALH,ALH,,白带/分泌物,,mixed
080923,平均鞭打频率BCF,BCF,,白带/分泌物,,mixed
080924,稀释比,XSB,,白带/分泌物,,mixed
080925,平均移动角度MAD,MAD,,白带/分泌物,,mixed
080926,a级(快速向前运动),aj,,白带/分泌物,,mixed
080927,b级(慢速向前运动),bj,,白带/分泌物,,mixed
080928,d级(极慢或不动),dj,,白带/分泌物,,mixed
080929,直线速度VSL,VSL,,白带/分泌物,,mixed
080930,直线运动精子活率,zxydjzhl,,白带/分泌物,,mixed
080931,液化时间,液化时间,,白带/分泌物,,mixed
080932,运动的摆动性WOB,WOB,,白带/分泌物,,mixed
080933,运动的直线性LIN,LIN,,白带/分泌物,,mixed
080934,运动的前向性STR,STR,,白带/分泌物,,mixed
080935,直线运动精子总数,cj,,白带/分泌物,,mixed
080936,曲线运动精子总数,TFSC,,白带/分泌物,,mixed
080937,直线运动精子活率,TSC,,白带/分泌物,,mixed
080938,曲线运动精子活率,SM,,白带/分泌物,,mixed
080939,直线运动精子密度,NMS,,白带/分泌物,,mixed
080940,曲线运动精子密度,SMI,,白带/分泌物,,mixed
080941,精子总活率,JZZHL,,白带/分泌物,,mixed
080942,活动精子密度,HDJZMD,,白带/分泌物,,mixed
080943,正常形态精子百分率,,,白带/分泌物,,mixed
080944,NP非前向运动精子总数,NP,,白带/分泌物,,mixed
080945,IM不动精子总数,IM,,白带/分泌物,,mixed
080946,(PR+NP)活动精子浓度,,,白带/分泌物,,mixed
080947,(PR+NP)活动精子总数,,,白带/分泌物,,mixed
080948,PR前向运动精子数,,,白带/分泌物,,mixed
080949,PR前向运动精子率,YXJZND,,白带/分泌物,,mixed
080950,PR前向运动精子浓度,,,白带/分泌物,,mixed
080951,NP非前向运动精子数,,,白带/分泌物,,mixed
080952,NP非前向运动精子率,,,白带/分泌物,,mixed
080953,NP非前向运动精子浓度,,,白带/分泌物,,mixed
080954,IM不动精子数,,,白带/分泌物,,mixed
080955,IM不动精子率,,,白带/分泌物,,mixed
080956,IM不动精子浓度,,,白带/分泌物,,mixed
080957,精子个数(手工计数),,精子个数（手工计数）,白带/分泌物,,mixed
080958,正常个数(手工计数),,正常个数（手工计数）,白带/分泌物,,mixed
080959,畸形个数,,,白带/分泌物,,mixed
080960,头部畸形,,,白带/分泌物,,mixed
080961,体部畸形,,,白带/分泌物,,mixed
080962,尾部畸形,,,白带/分泌物,,mixed
080963,混合畸形,,,白带/分泌物,,mixed
080964,上皮细胞,,,白带/分泌物,,mixed
080965,红细胞,,,白带/分泌物,,mixed
080966,白细胞,,,白带/分泌物,,mixed
080967,生精细胞,,,白带/分泌物,,mixed
080968,畸形率,,,白带/分泌物,,mixed
080969,精子活率,,,白带/分泌物,,mixed
081001,阴茎前部最大硬度,,,分子检测,%,numeric
081002,阴茎前部平均硬度,,,分子检测,%,numeric
081003,阴茎前部持续时间,,,分子检测,min,numeric
081004,阴茎前部胀大比例,,,分子检测,%,numeric
081005,阴茎前部硬度活动指数RAU,RAU,,分子检测,,mixed
081006,阴茎前部胀大活动指数TAU,TAU,,分子检测,,mixed
081007,阴茎根部最大硬度,,,分子检测,%,numeric
081008,阴茎根部平均硬度,,,分子检测,%,numeric
081009,阴茎根部持续时间,,,分子检测,min,numeric
081010,阴茎根部胀大比例,,,分子检测,%,numeric
081011,阴茎根部硬度活动指数RAU,RAU,,分子检测,,mixed
081012,阴茎根部胀大活动指数TAU,TAU,,分子检测,,mixed
081013,AV刺激+ICI注射观察时长,,,分子检测,min,numeric
081014,AV刺激+ICI注射观察表现,,,分子检测,,mixed
081030,耳尖热觉值,,,分子检测,℃,numeric
081031,耳尖热痛值,,,分子检测,℃,numeric
081032,耳尖冷觉值,,,分子检测,℃,numeric
081033,耳尖冷痛值,,,分子检测,℃,numeric
081034,大腿内侧热觉值,,,分子检测,℃,numeric
081035,大腿内侧热痛值,,,分子检测,℃,numeric
081036,大腿内侧冷觉值,,,分子检测,℃,numeric
081037,大腿内侧冷痛值,,,分子检测,℃,numeric
081038,龟头热觉值,,,分子检测,℃,numeric
081039,龟头热痛值,,,分子检测,℃,numeric
081040,龟头冷觉值,,,分子检测,℃,numeric
081041,龟头冷痛值,,,分子检测,℃,numeric
081042,热觉比值,,,分子检测,,mixed
081043,热痛比值,,,分子检测,,mixed
081044,冷觉比值,,,分子检测,,mixed
081045,冷痛比值,,,分子检测,,mixed
081060,阴茎上部检测振动值,,,分子检测,,mixed
081061,阴茎下部检测振动值,,,分子检测,,mixed
081062,阴茎左部检测振动值,,,分子检测,,mixed
081063,阴茎右部检测振动值,,,分子检测,,mixed
081070,阴茎超声桡动脉血流,,,分子检测,cm/s,numeric
081071,阴茎超声背动脉血流,,,分子检测,cm/s,numeric
081072,阴茎超声背深动脉1血流,,,分子检测,cm/s,numeric
081073,阴茎超声背深动脉2血流,,,分子检测,cm/s,numeric
081074,阴茎超声PFI,,,分子检测,,mixed
081075,阴茎超声心率,HR,,分子检测,T/M,numeric
081076,IIEF评分,,,分子检测,,mixed
100353,N端脑利尿钠肽前体,NT-proBNP,N端脑利尿钠肽前体(NT-proBNP),心肌标志物/炎症,,mixed
104901,RPWV右臂踝脉搏波传导速度,RPWV,,动脉硬化,cm/s,numeric
104902,LPWV左臂踝脉搏波传导速度,LbaPWV,,动脉硬化,cm/s,numeric
104903,PR脉率,PR,,动脉硬化,次/分,numeric
104904,RABI右踝臂指数,RABI,,动脉硬化,,mixed
104905,LABI左踝臂指数,LABI,,动脉硬化,,mixed
104906,RaSBP右上臂收缩压,RaSBP,,动脉硬化,mmHg,numeric
104907,RaMBP右上臂平均压,RaMBP,,动脉硬化,mmHg,numeric
104908,RaDBP右上臂舒张压,RaDBP,,动脉硬化,mmHg,numeric
104909,LaSBP左上臂收缩压,LaSBP,,动脉硬化,mmHg,numeric
104910,LaMBP左上臂平均压,LaMBP,,动脉硬化,mmHg,numeric
104911,LbDBP左上臂舒张压,LbDBP,,动脉硬化,mmHg,numeric
104912,RaSBP右脚踝收缩压,RaSBP,,动脉硬化,mmHg,numeric
104913,RaMBP右脚踝平均压,RaMBP,,动脉硬化,mmHg,numeric
104914,RaDBP右脚踝舒张压,RaDBP,,动脉硬化,mmHg,numeric
104915,LaSBP左脚踝收缩压,LaSBP,,动脉硬化,mmHg,numeric
104916,LaMBP左脚踝平均压,LaMBP,,动脉硬化,mmHg,numeric
104917,LaDBP左脚踝舒张压,LaDBP,,动脉硬化,mmHg,numeric
104918,RBAI右臂踝指数,RBAI,,动脉硬化,,mixed
104919,LBAI左臂踝指数,LBAI,,动脉硬化,,mixed
104920,结论,,,动脉硬化,,mixed
104921,RTBI右趾-肱指数,,,动脉硬化,,mixed
104922,LTBI左趾-肱指数,,,动脉硬化,,mixed
170102,牙列、咬合,,,口腔检查,,mixed
170104,牙齿评估及建议,,,口腔检查,,mixed
170105,牙齿缺失,,,口腔检查,,mixed
170106,牙周炎,,,口腔检查,,mixed
170107,舌部,,,口腔检查,,mixed
170108,腭部,,,口腔检查,,mixed
170109,腮腺,,,口腔检查,,mixed
170110,颌下腺,,,口腔检查,,mixed
170111,颚下颌关节,,,口腔检查,,mixed
170112,牙齿龋坏,,,口腔检查,,mixed
170113,颊部,,,口腔检查,,mixed
170114,智齿,,,口腔检查,,mixed
170115,牙菌斑,,,口腔检查,,mixed
170116,牙结石,,,口腔检查,,mixed
170117,牙齿色度,,,口腔检查,,mixed
170118,口腔粘膜,,,口腔检查,,mixed
170119,牙列,,,口腔检查,,mixed
170120,咬合,,,口腔检查,,mixed
170121,既往史,,,口腔检查,,mixed
180105,既往史,,,眼科,,mixed
180106,家族史,,,耳鼻喉,,mixed
180203,胸部触诊,,,耳鼻喉,,mixed
180204,胸部叩诊,,,耳鼻喉,,mixed
180304,心律,,,耳鼻喉,,mixed
180307,心脏杂音,,,耳鼻喉,,mixed
180403,肝脏触诊,,,耳鼻喉,,mixed
180405,脾脏触诊,,,耳鼻喉,,mixed
180406,腹部叩诊,,,耳鼻喉,,mixed
180407,心率,,,耳鼻喉,,mixed
180408,心音,,,耳鼻喉,,mixed
180409,心界叩诊,,,耳鼻喉,,mixed
180410,肺听诊,,,耳鼻喉,,mixed
180411,肾区叩诊,,,耳鼻喉,,mixed
180412,腹部触诊,,,耳鼻喉,,mixed
180413,肾区触诊,,,耳鼻喉,,mixed
180414,既往史,,,耳鼻喉,,mixed
190101,皮肤,,,外科,,mixed
190103,浅表淋巴结,,,外科,,mixed
190104,乳腺,,,外科,,mixed
190203,甲状腺,,,外科,,mixed
190208,既往史,,,外科,,mixed
190301,脊柱,,,外科,,mixed
190303,四肢关节,,,外科,,mixed
190304,前列腺触诊,,,外科,,mixed
190305,浅层淋巴结,,,外科,,mixed
190306,腹部触诊,,,外科,,mixed
190307,双乳,,,外科,,mixed
190308,外生殖器,,,外科,,mixed
190309,肛门指诊,,,外科,,mixed
190310,直肠指诊,,,外科,,mixed
190401,rigiscan阴茎硬度,rigiscan,,外科,,mixed
195001,身体总水分,TBW,,人体成分,,mixed
195002,体脂类型,,,人体成分,,mixed
195004,蛋白质,PROTEIN,,人体成分,,mixed
195006,无机盐,MINERAL,,人体成分,,mixed
195008,体脂肪量,BFM,,人体成分,,mixed
195009,肌肉量,SLM,,人体成分,,mixed
195011,去脂体重,FFM,,人体成分,,mixed
195014,体脂百分比,PBF,,人体成分,,mixed
195016,骨骼肌,SMM,,人体成分,,mixed
195018,右上肢肌肉量,LRA,,人体成分,,mixed
195020,左上肢肌肉量,LLA,,人体成分,,mixed
195022,右下肢肌肉量,LRL,,人体成分,,mixed
195024,左下肢肌肉量,LLL,,人体成分,,mixed
195026,躯干肌肉量,LT,,人体成分,,mixed
195028,细胞内水分,ICW,,人体成分,,mixed
195030,细胞外水分,ECW,,人体成分,,mixed
195031,基础代谢率,BMR,,人体成分,,mixed
195033,腰臀比,WHR,,人体成分,,mixed
195034,内脏脂肪面积,VFA,,人体成分,,mixed
195035,躯干细胞外水分比率,WEDT,,人体成分,,mixed
195036,体重理想范围,TW,,人体成分,,mixed
195038,目标体重,TW,,人体成分,,mixed
195039,身体质量指数,,,人体成分,,mixed
195040,脂肪控制,FC,,人体成分,,mixed
195042,体重控制,,,人体成分,,mixed
195043,肌肉控制,,,人体成分,,mixed
195044,测试类型,Test,,人体成分,,mixed
195045,测试手掌,test hand,,人体成分,,mixed
195046,开始手掌,start hand,,人体成分,,mixed
195047,测试次数Reps,,,人体成分,,mixed
195048,测试力度Grip,,,人体成分,,mixed
195049,左最大值Max,,,人体成分,,mixed
195050,右最大值Max,,,人体成分,,mixed
195051,左平均值Avg,,,人体成分,,mixed
195052,右平均值Avg,,,人体成分,,mixed
195053,左最小值Min,,,人体成分,,mixed
195054,右最小值Min,,,人体成分,,mixed
195055,左标准偏差Dev,,,人体成分,,mixed
195056,右标准偏差Dev,,,人体成分,,mixed
195057,左变异系数CV,,,人体成分,,mixed
195058,右变异系数CV,,,人体成分,,mixed
200101,视力左,,,眼科,,mixed
200102,视力右,,,眼科,,mixed
200104,矫正视力左,,,眼科,,mixed
200105,矫正视力右,,,眼科,,mixed
200202,辨色力,,,眼科,,mixed
200203,眼睑,,,眼科,,mixed
200209,w13(苍耳),,,食物不耐受,,mixed
200300,神经系统,,,耳鼻喉,,mixed
200302,泪器,,,眼科,,mixed
200304,眼位,,,眼科,,mixed
200318,眼球运动,,,眼科,,mixed
200501,视网膜,,,眼科,,mixed
200502,视网膜血管,,,眼科,,mixed
200503,视乳头,,,眼科,,mixed
200504,黄斑区,,,眼科,,mixed
200506,玻璃体,,,眼科,,mixed
200604,结膜,,,眼科,,mixed
200606,角膜,,,眼科,,mixed
200607,前房,,,眼科,,mixed
200608,虹膜,,,眼科,,mixed
200609,瞳孔,,,眼科,,mixed
200610,晶状体,,,眼科,,mixed
200611,眼压(左),,眼压（左）,眼科,mmHg,numeric
200612,眼压(右),,眼压（右）,眼科,mmHg,numeric
200613,C/D杯盘比左≥,,,眼科,,mixed
200614,C/D杯盘比右≥,,,眼科,,mixed
201001,眼底断层扫描,,,眼科,,mixed
201002,眼底照相,,,眼科,,mixed
201003,眼前节断层扫描,,,眼科,,mixed
201004,裂隙灯检查,,,眼科,,mixed
201005,视功能,,,眼科,,mixed
201006,干眼检测,,,眼科,,mixed
201007,视觉电生理,,,眼科,,mixed
201008,光学生物测量,,,眼科,,mixed
201009,角膜内膜计数,,,眼科,,mixed
201010,眼底检查,,,眼科,,mixed
201011,色觉,,,眼科,,mixed
201012,视野检测,,,眼科,,mixed
201013,瞳距,,,眼科,,mixed
201014,眼部超声及眼部超声生物显微,,,眼科,,mixed
201015,镜片度数测量,,,眼科,,mixed
201016,左眼度数,,,眼科,,mixed
201017,右眼度数,,,眼科,,mixed
201018,左眼散光,,,眼科,,mixed
201019,右眼散光,,,眼科,,mixed
201020,眼科总检(不打印),,眼科总检（不打印）,眼科,,mixed
210101,听力,,,皮肤科,,mixed
210103,耳廓,,,皮肤科,,mixed
210201,外鼻,,,皮肤科,,mixed
210205,鼻咽,,,皮肤科,,mixed
210206,鼻窦,,,皮肤科,,mixed
210301,口咽,,,皮肤科,,mixed
210303,喉咽,,,皮肤科,,mixed
220101,外阴,,,妇科,,mixed
220102,避孕方式及其他,,,妇科,,mixed
220103,宫颈,,,妇科,,mixed
220105,宫体,,,妇科,,mixed
220106,附件,,,妇科,,mixed
220117,HPV检查提示,,,妇科,,mixed
230101,阴道,,,妇科,,mixed
230102,孕产史,,,妇科,,mixed
2301120,化生细胞,,,内科补充,,mixed
230114,既往史,,,妇科,,mixed
230115,鳞状上皮细胞分析,,,内科补充,,mixed
230116,细胞量,,,内科补充,,mixed
230117,腺上皮细胞分析,,,内科补充,,mixed
230118,红细胞,,,内科补充,,mixed
230119,颈管细胞,,,内科补充,,mixed
230121,炎细胞,,,内科补充,,mixed
230122,提示细菌感染,,,内科补充,,mixed
230123,滴虫感染,,,内科补充,,qualitative
230124,霉菌感染,,,内科补充,,qualitative
230125,提示HPV感染,,,内科补充,,mixed
230126,疱疹病毒感染,,,内科补充,,mixed
240101,外耳道,,,皮肤科,,mixed
240102,鼓膜,,,皮肤科,,mixed
240103,鼻腔,,,皮肤科,,mixed
240104,鼻中隔,,,皮肤科,,mixed
240105,扁桃体,,,皮肤科,,mixed
240106,咽部,,,皮肤科,,mixed
240107,既往史,,,皮肤科,,mixed
240108,舌体,,,皮肤科,,mixed
240109,下颌,,,皮肤科,,mixed
250253,胃胀/胃疼/嗳气/反酸,,,其他,,mixed
270080,十二指肠溃疡,,,其他,,mixed
270081,结肠炎,,,其他,,mixed
270082,胆囊息肉,,,其他,,mixed
270083,胆结石,,,其他,,mixed
270084,肝囊肿,,,其他,,mixed
270085,肾结石/肾囊肿,,,其他,,mixed
270086,心肌缺血/心肌梗塞,,,其他,,mixed
270087,高血压,,,其他,,mixed
270088,冠心病,,,其他,,mixed
270089,动脉硬化,,,其他,,mixed
270090,颈动脉内膜增厚,,,其他,,mixed
270091,颈动脉斑块,,,其他,,mixed
270092,癫痫,,,其他,,mixed
270093,甲状腺结节,,,其他,,mixed
270094,桥本氏甲状腺炎,,,其他,,mixed
270095,甲亢,,,其他,,mixed
270096,甲减,,,其他,,mixed
270101,心肌梗塞,,,其他,,mixed
270102,脂肪肝,,,其他,,mixed
270103,结核病,,,其他,,mixed
270104,高血压,,,其他,,mixed
270105,脑卒中,,,其他,,mixed
270106,胆囊疾病,,,其他,,mixed
270107,冠心病,,,其他,,mixed
270108,肾脏疾病,,,其他,,mixed
270109,肺心病,,,其他,,mixed
270110,肝  炎,,,其他,,mixed
270111,心脏病,,,其他,,mixed
270112,1型糖尿病,,,其他,,mixed
270113,2型糖尿病,,,其他,,mixed
270114,手术外伤,,,其他,,mixed
270115,肿  瘤,,,其他,,mixed
270116,妇科疾病,,,其他,,mixed
270117,五官手术,,,其他,,mixed
270118,妇科超声提示,,,妇科,,mixed
270119,TS结论,,,妇科,,mixed
270120,末次月经,,,妇科,,mixed
270121,既往史,,,妇科,,mixed
270122,既往史详述,,,妇科,,mixed
270130,头部(含脑)手术,,头部（含脑）手术,其他,,mixed
270131,心脏(含心脏介入)手术,,心脏（含心脏介入）手术,其他,,mixed
270201,血管手术,,,其他,,mixed
270202,肢体手术,,,其他,,mixed
270203,妇科手术,,,其他,,mixed
270204,生殖器官手术,,,其他,,mixed
270205,其他手术,,,其他,,mixed
270211,负性生活事件,,,其他,,mixed
270215,手术史,,,其他,,mixed
270216,疾病史,,,其他,,mixed
270217,治疗方式,,,其他,,mixed
270218,小结,,,其他,,mixed
270219,当前治疗进程,,,其他,,mixed
270236,妇科总检,,,妇科,,mixed
270237,描述,,,妇科,,mixed
270240,头晕乏力,,,其他,,mixed
270241,失眠多梦,,,其他,,mixed
270243,记忆力减退,,,其他,,mixed
270244,食欲不振,,,其他,,mixed
270245,恶心呕吐,,,其他,,mixed
270246,胸闷心慌,,,其他,,mixed
270248,多汗,,,其他,,mixed
270249,震颤,,,其他,,mixed
270250,出血倾向,,,其他,,mixed
270251,月经障碍,,,其他,,mixed
270252,低热,,,其他,,mixed
270254,颈肩不适,,,其他,,mixed
270270,小结,,,其他,,mixed
270401,肝硬化,,,其他,,mixed
270402,结核病,,,其他,,mixed
270403,血液病,,,其他,,mixed
270404,恶性肿瘤,,,其他,,mixed
270405,糖尿病,,,其他,,mixed
270406,脑卒中,,,其他,,mixed
270407,冠心病,,,其他,,mixed
270408,心肌梗塞,,,其他,,mixed
270409,高血压病,,,其他,,mixed
270412,家族史,,,其他,,mixed
270413,家族史(母),,家族史（母）,其他,,mixed
270414,家族史,,,其他,,mixed
270415,小结,,,其他,,mixed
270501,降压药,,,其他,,mixed
270502,降尿酸药,,,其他,,mixed
270503,抗心律失常药,,,其他,,mixed
270504,缓解哮喘药物,,,其他,,mixed
270505,强的松类药物,,,其他,,mixed
270506,解热镇痛药,,,其他,,mixed
270507,雌激素类药物,,,其他,,mixed
270508,降糖药,,,其他,,mixed
270509,利尿剂,,,其他,,mixed
270510,降脂药,,,其他,,mixed
270512,镇静剂或安眠药,,,其他,,mixed
270513,中草药,,,其他,,mixed
270514,避孕药,,,其他,,mixed
270515,抗抑郁药物,,,其他,,mixed
270516,药物过敏,,,其他,,mixed
270517,食物过敏,,,其他,,mixed
270518,吸入性过敏,,,其他,,mixed
270519,清洁剂过敏,,,其他,,mixed
270520,小结,,,其他,,mixed
270601,经常吸烟,,,其他,,mixed
270603,偶尔吸烟,,,其他,,mixed
270605,经常被动吸烟,,,其他,,mixed
270606,从不吸烟,,,其他,,mixed
270607,已经戒烟,,,其他,,mixed
270608,从不饮酒,,,其他,,mixed
270609,偶尔饮酒,,,其他,,mixed
270610,经常饮酒,,,其他,,mixed
270611,白酒,,,其他,,mixed
270612,啤酒,,,其他,,mixed
270613,红酒葡萄酒,,,其他,,mixed
270614,烈酒,,,其他,,mixed
270615,经常混着种类饮酒,,,其他,,mixed
270616,吸烟情况,,,其他,,mixed
270617,饮酒情况,,,其他,,mixed
270620,小结,,,其他,,mixed
270701,重油烟,,,其他,,mixed
270702,粉烟尘,,,其他,,mixed
270703,毒物致癌物,,,其他,,mixed
270704,高温,,,其他,,mixed
270705,低温,,,其他,,mixed
270706,噪音、震动,,,其他,,mixed
270707,激光辐射,,,其他,,mixed
270708,化学化工品,,,其他,,mixed
270709,空气污染,,,其他,,mixed
270710,建筑装修污染,,,其他,,mixed
270720,小结,,,其他,,mixed
271201,睡眠充足,,,其他,,mixed
271203,睡眠不足,,,其他,,mixed
271204,睡眠严重不足,,,其他,,mixed
271205,入睡困难,,,其他,,mixed
271206,早醒,,,其他,,mixed
271207,多梦或噩梦中惊醒,,,其他,,mixed
271208,夜起,,,其他,,mixed
271209,熟睡时间短,,,其他,,mixed
271210,工作压力大,,,其他,,mixed
271213,环境干扰,,,其他,,mixed
271214,身体不适或疾病,,,其他,,mixed
271215,作息不规律,,,其他,,mixed
271216,晨起经常很累,,,其他,,mixed
271217,入睡时间比较晚,,,其他,,mixed
271218,经常熬夜通宵,,,其他,,mixed
271219,偶尔熬夜通宵,,,其他,,mixed
271220,小结,,,其他,,mixed
271301,口味偏咸,,,其他,,mixed
271302,口味清淡,,,其他,,mixed
271303,口味偏甜,,,其他,,mixed
271304,口味偏辣,,,其他,,mixed
271305,喜欢高油脂食物,,,其他,,mixed
271306,喜欢腌熏食物,,,其他,,mixed
271307,喜好油炸食品,,,其他,,mixed
271308,经常吃零食(适量坚果除外),,经常吃零食（适量坚果除外）,其他,,mixed
271309,经常吃快餐/外卖,,,其他,,mixed
271310,经常喝咖啡,,,其他,,mixed
271311,偶尔喝咖啡,,,其他,,mixed
271312,常喝碳酸饮料,,,其他,,mixed
271313,常喝含糖饮料,,,其他,,mixed
271314,近期食用海鲜,,,其他,,mixed
271320,小结,,,其他,,mixed
2714001,肿瘤风险,,,其他,,mixed
2714002,心脑血管风险,,,其他,,mixed
2714003,消化系统风险,,,其他,,mixed
2714004,呼吸系统风险,,,其他,,mixed
2714005,泌尿系统风险,,,其他,,mixed
2714006,生殖系统风险,,,其他,,mixed
2714007,内分泌系统风险,,,其他,,mixed
2714008,免疫系统风险,,,其他,,mixed
2714009,神经系统风险,,,其他,,mixed
2714010,循环系统风险,,,其他,,mixed
2714011,运动系统风险,,,其他,,mixed
2714020,风险提示,,,其他,,mixed
2715001,血液排毒,,,其他,,mixed
2715002,重金属排毒,,,其他,,mixed
2715003,肝肠净化,,,其他,,mixed
2715004,分子矫正,,,其他,,mixed
2715005,血氧微分子,,,其他,,mixed
2715006,线粒体,,,其他,,mixed
2715020,小结,,,其他,,mixed
272001,化妆品过敏,,,其他,,mixed
272002,造影剂过敏,,,其他,,mixed
272003,消毒酒精过敏,,,其他,,mixed
272004,胶布过敏,,,其他,,mixed
272020,小结,,,其他,,mixed
272253,无不适症状,,,其他,,mixed
300001,血清总IgE,TigE,血清总IgE(TigE),食物不耐受,,mixed
300003,鸡蛋特异性IgG抗体,EggWhite,,过敏原检测,,mixed
300004,牛奶特异性IgG抗体,Milk,,过敏原检测,,mixed
300005,d1(户尘螨)-sIgE抗体,,,食物不耐受,,mixed
300007,螃蟹特异性IgG抗体,Crab,,过敏原检测,,mixed
300008,e1(猫皮屑)-sIgE抗体,,,食物不耐受,,mixed
300009,虾特异性IgG抗体,Shrimp,,过敏原检测,,mixed
300010,e5(狗毛皮屑)-sIgE抗体,,,食物不耐受,,mixed
300016,小麦特异性IgG抗体,Wheat,,过敏原检测,,mixed
300017,f13(花生)-sIgE抗体,,,食物不耐受,,mixed
300018,大豆特异性IgG抗体,Soybean,,过敏原检测,,mixed
300019,f10(芝麻)-sIgE抗体,,,食物不耐受,,mixed
300020,鱼(鳕鱼)特异性IgG抗体,Codfish,鱼（鳕鱼）特异性IgG抗体,过敏原检测,,mixed
300021,榛子/开心果-sIgE抗体,,,食物不耐受,,mixed
300022,巴西坚果-sIgE抗体,,,食物不耐受,,mixed
300023,f20(杏仁)-sIgE抗体,,f20（杏仁）-sIgE抗体,食物不耐受,,mixed
300024,椰子-sIgE抗体,,,食物不耐受,,mixed
300025,吸入性过敏原过筛试验,Phadiatop,吸入性过敏原过筛试验(Phadiatop),食物不耐受,,mixed
300026,d2(粉尘螨)-sIgE抗体,,,食物不耐受,,mixed
300027,i6(蟑螂)-sIgE抗体,,,食物不耐受,,mixed
300028,m1(青霉)-sIgE抗体,,,食物不耐受,,mixed
300029,m2(多主枝孢)-sIgE抗体,,,食物不耐受,,mixed
300030,m3(烟曲霉)-sIgE抗体,,,食物不耐受,,mixed
300031,m5(白念珠菌霉)-sIgE抗体,,,食物不耐受,,mixed
300032,m6(链格孢)-sIgE抗体,,,食物不耐受,,mixed
300033,点青霉/烟曲霉/交链孢霉-sIgE抗体,,,食物不耐受,,mixed
300034,"ex1(猫皮屑,马皮屑,牛皮屑,狗毛皮屑)-sIgE抗体",,,食物不耐受,,mixed
300035,e2狗上皮-sIgE抗体,,,食物不耐受,,mixed
300036,w1(普通豚草)-sIgE抗体,,,食物不耐受,,mixed
300037,w6(艾蒿)-sIgE抗体,,,食物不耐受,,mixed
300038,u80葎草-sIgE抗体,,,食物不耐受,,mixed
300039,g6(梯牧草)-sIgE抗体,,g6（梯牧草）-sIgE抗体,食物不耐受,,mixed
300040,w19(药用墙草)-sIgE抗体,,w19（药用墙草）-sIgE抗体,食物不耐受,,mixed
300041,"hx2(屋尘,户尘螨,粉尘螨,蟑螂)-sIgE抗体",,,食物不耐受,,mixed
300042,o1(棉花)-sIgE抗体,,,食物不耐受,,mixed
300043,w5(苦蒿)-sIgE抗体,,,食物不耐受,,mixed
300044,t11(梧桐树花粉)-sIgE抗体,,,食物不耐受,,mixed
300045,t9油橄榄-sIgE抗体,,,食物不耐受,,mixed
300046,t8(榆树花粉)-sIgE抗体,,,食物不耐受,,mixed
300047,t12(柳树花粉)-sIgE抗体,,,食物不耐受,,mixed
300048,t18(桉树花粉)-sIgE抗体,,,食物不耐受,,mixed
300049,t3(桦树花粉)-sIgE抗体,,,食物不耐受,,mixed
300050,牛肉特异性IgG抗体,beef,,过敏原检测,,mixed
300051,鸡肉特异性IgG抗体,chicken,,过敏原检测,,mixed
300052,玉米特异性IgG抗体,Corn,,过敏原检测,,mixed
300053,蘑菇特异性IgG抗体,Mushroom,,过敏原检测,,mixed
300054,猪肉特异性IgG抗体,Pork,,过敏原检测,,mixed
300055,大米特异性IgG抗体,Rice,,过敏原检测,,mixed
300056,西红柿特异性IgG抗体,Tomato,,过敏原检测,,mixed
300057,f1(鸡蛋白)-sIgE抗体,,,食物不耐受,,mixed
300058,f2(牛奶)-sIgE抗体,,,食物不耐受,,mixed
300059,f4(小麦)-sIgE抗体,,,食物不耐受,,mixed
300060,f23(蟹)-sIgE抗体,,,食物不耐受,,mixed
300061,f24(虾)-sIgE抗体,,,食物不耐受,,mixed
300062,f14(大豆)-sIgE抗体,,,食物不耐受,,mixed
300063,"fx5e(牛奶,鸡蛋,黄豆,花生,鳕鱼,小麦)-sIgE抗体",,,食物不耐受,,mixed
300064,特异性IgE(SigE)检测,,,食物不耐受,,mixed
300065,柏树花粉/榆树花粉/梧桐花粉/柳树花粉/杨树花粉-sIgE,,,食物不耐受,,mixed
300066,豚草花粉/艾蒿花粉/苦艾花粉-sIgE抗体,,,食物不耐受,,mixed
300067,点青霉/分支孢霉/烟曲霉/交链孢霉/根霉/毛霉-sIgE抗体,,,食物不耐受,,mixed
300068,猫毛皮屑/狗毛皮屑-sIgE抗体,,,食物不耐受,,mixed
300069,纸胡蜂毒-sIgE抗体,,,食物不耐受,,mixed
300070,鳕鱼/鲑鱼/鲈鱼-sIgE抗体,,,食物不耐受,,mixed
300071,虾/蟹/扇贝-sIgE抗体,,,食物不耐受,,mixed
300072,猪肉-sIgE抗体,,,食物不耐受,,mixed
300073,fx30水果组合(草莓/苹果/芒果/桃/菠萝)-sIgE抗体,,fx30水果组合（草莓/苹果/芒果/桃/菠萝）-sIgE抗体,食物不耐受,,mixed
300074,fx25坚果组合(花生/榛子/杏仁/腰果/开心果)-sIgE抗,,fx25坚果组合（花生/榛子/杏仁/腰果/开心果）-sIgE抗,食物不耐受,,mixed
300075,fx26-sIgE抗体,fx26,,食物不耐受,,mixed
300080,大麦特异性IgG抗体,,,过敏原检测,,mixed
300081,荞麦特异性IgG抗体,,,过敏原检测,,mixed
300082,麦芽特异性IgG抗体,,,过敏原检测,,mixed
300083,小米特异性IgG抗体,,,过敏原检测,,mixed
300084,燕麦特异性IgG抗体,,,过敏原检测,,mixed
300085,大米特异性IgG抗体,,,过敏原检测,,mixed
300086,黑麦特异性IgG抗体,,,过敏原检测,,mixed
300087,小麦特异性IgG抗体,,,过敏原检测,,mixed
300088,玉米特异性IgG抗体,,,过敏原检测,,mixed
300089,大豆特异性IgG抗体,,,过敏原检测,,mixed
300090,西瓜特异性IgG抗体,,,过敏原检测,,mixed
300091,苹果特异性IgG抗体,,,过敏原检测,,mixed
300092,芒果特异性IgG抗体,,,过敏原检测,,mixed
300093,香蕉特异性IgG抗体,,,过敏原检测,,mixed
300094,蓝莓特异性IgG抗体,,,过敏原检测,,mixed
300095,哈密瓜特异性IgG抗体,,,过敏原检测,,mixed
300096,葡萄特异性IgG抗体,,,过敏原检测,,mixed
300097,柚子特异性IgG抗体,,,过敏原检测,,mixed
300098,柠檬特异性IgG抗体,,,过敏原检测,,mixed
300099,橄榄特异性IgG抗体,,,过敏原检测,,mixed
300100,橘子特异性IgG抗体,,,过敏原检测,,mixed
300101,桃特异性IgG抗体,,,过敏原检测,,mixed
300102,菠萝特异性IgG抗体,,,过敏原检测,,mixed
300103,榴莲特异性IgG抗体,,,过敏原检测,,mixed
300104,草莓特异性IgG抗体,,,过敏原检测,,mixed
300105,牛肉特异性IgG抗体,,,过敏原检测,,mixed
300106,鸡肉特异性IgG抗体,,,过敏原检测,,mixed
300107,鸡蛋特异性IgG抗体,,,过敏原检测,,mixed
300108,猪肉特异性IgG抗体,,,过敏原检测,,mixed
300109,火鸡特异性IgG抗体,,,过敏原检测,,mixed
300110,西兰花特异性IgG抗体,,,过敏原检测,,mixed
300111,卷心菜特异性IgG抗体,,,过敏原检测,,mixed
300112,胡萝卜特异性IgG抗体,,,过敏原检测,,mixed
300113,菜花特异性IgG抗体,,,过敏原检测,,mixed
300114,芹菜特异性IgG抗体,,,过敏原检测,,mixed
300115,黄瓜特异性IgG抗体,,,过敏原检测,,mixed
300116,茄子特异性IgG抗体,,,过敏原检测,,mixed
300117,嫩豌豆特异性IgG抗体,,,过敏原检测,,mixed
300118,青椒特异性IgG抗体,,,过敏原检测,,mixed
300119,生菜特异性IgG抗体,,,过敏原检测,,mixed
300120,蘑菇特异性IgG抗体,,,过敏原检测,,mixed
300121,洋葱特异性IgG抗体,,,过敏原检测,,mixed
300122,欧芹特异性IgG抗体,,,过敏原检测,,mixed
300123,杂色豌豆特异性IgG抗体,,,过敏原检测,,mixed
300124,马铃薯特异性IgG抗体,,,过敏原检测,,mixed
300125,菠菜特异性IgG抗体,,,过敏原检测,,mixed
300126,南瓜特异性IgG抗体,,,过敏原检测,,mixed
300127,青豆特异性IgG抗体,,,过敏原检测,,mixed
300128,甘薯特异性IgG抗体,,,过敏原检测,,mixed
300129,香菜特异性IgG抗体,,,过敏原检测,,mixed
300130,西红柿特异性IgG抗体,,,过敏原检测,,mixed
300131,小白菜特异性IgG抗体,,,过敏原检测,,mixed
300132,切达干酪特异性IgG抗体,,,过敏原检测,,mixed
300133,白软干酪特异性IgG抗体,,,过敏原检测,,mixed
300134,牛奶特异性IgG抗体,,,过敏原检测,,mixed
300135,羊奶特异性IgG抗体,,,过敏原检测,,mixed
300136,酸奶特异性IgG抗体,,,过敏原检测,,mixed
300137,黄油特异性IgG抗体,,,过敏原检测,,mixed
300138,蔗糖特异性IgG抗体,,,过敏原检测,,mixed
300139,红辣椒特异性IgG抗体,,,过敏原检测,,mixed
300140,肉桂特异性IgG抗体,,,过敏原检测,,mixed
300141,大蒜特异性IgG抗体,,,过敏原检测,,mixed
300142,蜂蜜特异性IgG抗体,,,过敏原检测,,mixed
300143,芥末特异性IgG抗体,,,过敏原检测,,mixed
300144,芝麻特异性IgG抗体,,,过敏原检测,,mixed
300145,大葱特异性IgG抗体,,,过敏原检测,,mixed
300146,杏仁特异性IgG抗体,,,过敏原检测,,mixed
300147,腰果特异性IgG抗体,,,过敏原检测,,mixed
300148,花生特异性IgG抗体,,,过敏原检测,,mixed
300149,羊肉特异性IgG抗体,,,过敏原检测,,mixed
300150,葵花籽特异性IgG抗体,,,过敏原检测,,mixed
300151,黑胡桃特异性IgG抗体,,,过敏原检测,,mixed
300152,蛤特异性IgG抗体,,,过敏原检测,,mixed
300153,鳕鱼特异性IgG抗体,,,过敏原检测,,mixed
300154,螃蟹特异性IgG抗体,,,过敏原检测,,mixed
300155,带鱼特异性IgG抗体,,,过敏原检测,,mixed
300156,龙虾特异性IgG抗体,,,过敏原检测,,mixed
300157,牡蛎特异性IgG抗体,,,过敏原检测,,mixed
300158,三文鱼特异性IgG抗体,,,过敏原检测,,mixed
300159,沙丁鱼特异性IgG抗体,,,过敏原检测,,mixed
300160,扇贝特异性IgG抗体,,,过敏原检测,,mixed
300161,对虾特异性IgG抗体,,,过敏原检测,,mixed
300162,草鱼特异性IgG抗体,,,过敏原检测,,mixed
300163,鳟鱼特异性IgG抗体,,,过敏原检测,,mixed
300164,金枪鱼特异性IgG抗体,,,过敏原检测,,mixed
300165,巧克力特异性IgG抗体,,,过敏原检测,,mixed
300166,咖啡特异性IgG抗体,,,过敏原检测,,mixed
300167,可乐豆特异性IgG抗体,,,过敏原检测,,mixed
300168,酵母特异性IgG抗体,,,过敏原检测,,mixed
300169,红茶特异性IgG抗体,,,过敏原检测,,mixed
300170,h1(屋尘)-sIgE抗体,,,食物不耐受,,mixed
300171,mx2点青霉/烟曲霉/多主枝孢/白色念珠菌/链格孢/长蠕孢,,,食物不耐受,,mixed
300172,t23(柏树)-sIgE抗体,,t23（柏树）-sIgE抗体,食物不耐受,,mixed
300173,杨树花粉-sIgE抗体,,,食物不耐受,,mixed
300174,苦艾花粉-sIgE抗体,,,食物不耐受,,mixed
300175,榛子-sIgE抗体,,,食物不耐受,,mixed
300176,腰果-sIgE抗体,,,食物不耐受,,mixed
300177,屋尘螨-sIgE抗体,,,食物不耐受,,mixed
300178,开心果-sIgE抗体,,,食物不耐受,,mixed
300179,E1猫毛-sIgE抗体,,,食物不耐受,,mixed
300180,狗上皮-sIgE抗体,,,食物不耐受,,mixed
300181,桃子-sIgE抗体,,,食物不耐受,,mixed
300182,分枝孢霉-sIgE抗体,,,食物不耐受,,mixed
300183,根霉-sIgE抗体,,,食物不耐受,,mixed
300184,交链孢霉-sIgE抗体,,,食物不耐受,,mixed
300185,草莓-sIgE抗体,,,食物不耐受,,mixed
300186,菠萝-sIgE抗体,,,食物不耐受,,mixed
300187,芒果-sIgE抗体,,,食物不耐受,,mixed
300188,牛肉-sIgE抗体,,,食物不耐受,,mixed
300189,羊肉-sIgE抗体,,,食物不耐受,,mixed
300190,苹果-sIgE抗体,,,食物不耐受,,mixed
300191,扇贝-sIgE抗体,,,食物不耐受,,mixed
300192,鲑鱼-sIgE抗体,,,食物不耐受,,mixed
300193,鲈鱼-sIgE抗体,,,食物不耐受,,mixed
300194,蛋清-sIgE抗体,,,食物不耐受,,mixed
300195,蛋黄-sIgE抗体,,,食物不耐受,,mixed
300196,f3(鳕鱼)-sIgE抗体,,,食物不耐受,,mixed
300197,f37( 蓝贻贝)-sIgE抗体,,,食物不耐受,,mixed
300198,f59(章鱼)-sIgE抗体,,,食物不耐受,,mixed
300199,f61(沙丁鱼)-sIgE抗体,,,食物不耐受,,mixed
300200,m4(总状毛霉)-sIgE抗体,,,食物不耐受,,mixed
300201,西红柿-sIgE抗体,,,食物不耐受,,mixed
300202,fx1(花生/榛子/巴西坚果/杏仁/椰子)-sIgE抗体,,fx1（花生/榛子/巴西坚果/杏仁/椰子）-sIgE抗体,食物不耐受,,mixed
300203,黄豆-sIgE抗体,,,食物不耐受,,mixed
300204,FX15(苹果/橙/香蕉/桃)-sIgE抗体,,,食物不耐受,,mixed
300205,屋尘螨/粉尘螨-sIgE抗体,,,食物不耐受,,mixed
300206,wx5(普通豚草/艾蒿/法兰西菊/蒲公英/一枝黄花合)-sIgE,,,食物不耐受,,mixed
300207,tx5(灰桤木/欧榛/柳树/美洲黑杨)-sIgE抗体,,,食物不耐受,,mixed
300208,w10(藜鹅毛草)-sIgE抗体,,,食物不耐受,,mixed
300209,α-乳清蛋白特异性IgG抗体,α-rqdb,,过敏原检测,,mixed
300210,β-乳球蛋白特异性IgG抗体,β-rqdb,,过敏原检测,,mixed
300211,阿拉伯树胶特异性IgG抗体,ALBXS,,过敏原检测,,mixed
300212,澳洲坚果特异性IgG抗体,AZJG,,过敏原检测,,mixed
300213,巴西坚果特异性IgG抗体,BXJG,,过敏原检测,,mixed
300214,白芸豆特异性IgG抗体,BYD,,过敏原检测,,mixed
300215,百里香特异性IgG抗体,BLX,,过敏原检测,,mixed
300216,百香果特异性IgG抗体,BXG,,过敏原检测,,mixed
300217,薄荷特异性IgG抗体,BHT,,过敏原检测,,mixed
300218,薄壳山核桃特异性IgG抗体,BKSHT,,过敏原检测,,mixed
300219,抱子甘蓝特异性IgG抗体,BZGL,,过敏原检测,,mixed
300220,鲍鱼特异性IgG抗体,BY,,过敏原检测,,mixed
300221,比目鱼特异性IgG抗体,BMY,,过敏原检测,,mixed
300222,兵豆特异性IgG抗体,BD,,过敏原检测,,mixed
300223,蛋黄特异性IgG抗体,DH,,过敏原检测,,mixed
300224,丁香特异性IgG抗体,DX,,过敏原检测,,mixed
300225,豆蔻特异性IgG抗体,DK,,过敏原检测,,mixed
300226,多香果特异性IgG抗体,DXG,,过敏原检测,,mixed
300227,鳄梨特异性IgG抗体,EL,,过敏原检测,,mixed
300228,番红花特异性IgG抗体,FHH,,过敏原检测,,mixed
300229,番石榴特异性IgG抗体,FSL,,过敏原检测,,mixed
300230,鲱鱼特异性IgG抗体,FY,,过敏原检测,,mixed
300231,凤尾鱼特异性IgG抗体,FWY,,过敏原检测,,mixed
300232,麸质特异性IgG抗体,FZ,,过敏原检测,,mixed
300233,覆盆子特异性IgG抗体,FPZ,,过敏原检测,,mixed
300234,甘牛至特异性IgG抗体,GN,,过敏原检测,,mixed
300235,柑橘特异性IgG抗体,GJ,,过敏原检测,,mixed
300236,瓜尔胶特异性IgG抗体,GEJ,,过敏原检测,,mixed
300237,海枣特异性IgG抗体,HZ,,过敏原检测,,mixed
300238,黑莓特异性IgG抗体,HM,,过敏原检测,,mixed
300239,红茶藨子特异性IgG抗体,HCAZ,,过敏原检测,,mixed
300240,红鲷鱼特异性IgG抗体,HCY,,过敏原检测,,mixed
300241,胡椒特异性IgG抗体,HJ,,过敏原检测,,mixed
300242,黄芪胶特异性IgG抗体,HQ,,过敏原检测,,mixed
300243,茴芹特异性IgG抗体,HQ,,过敏原检测,,mixed
300244,茴香特异性IgG抗体,HX,,过敏原检测,,mixed
300245,茴香籽特异性IgG抗体,HXZ,,过敏原检测,,mixed
300246,鸡蛋白特异性IgG抗体,JDB,,过敏原检测,,mixed
300247,稷特异性IgG抗体,J,,过敏原检测,,mixed
300248,姜特异性IgG抗体,J,,过敏原检测,,mixed
300249,咖喱特异性IgG抗体,GL,,过敏原检测,,mixed
300250,开心果特异性IgG抗体,KXG,,过敏原检测,,mixed
300251,蓝贻贝特异性IgG抗体,LYB,,过敏原检测,,mixed
300252,酪蛋白特异性IgG抗体,LDB,,过敏原检测,,mixed
300253,梨特异性IgG抗体,L,,过敏原检测,,mixed
300254,藜麦特异性IgG抗体,SM,,过敏原检测,,mixed
300255,李子特异性IgG抗体,LZ,,过敏原检测,,mixed
300256,鲤鱼特异性IgG抗体,LY,,过敏原检测,,mixed
300257,荔枝特异性IgG抗体,LZ,,过敏原检测,,mixed
300258,龙蒿特异性IgG抗体,LH,,过敏原检测,,mixed
300259,芦笋特异性IgG抗体,LS,,过敏原检测,,mixed
300260,卵白蛋白特异性IgG抗体,LBDB,,过敏原检测,,mixed
300261,卵类黏蛋白特异性IgG抗体,LLNDB,,过敏原检测,,mixed
300262,卵转铁蛋白特异性IgG抗体,LZTDB,,过敏原检测,,mixed
300263,罗非鱼特异性IgG抗体,LFY,,过敏原检测,,mixed
300264,罗勒特异性IgG抗体,LL,,过敏原检测,,mixed
300265,马奶特异性IgG抗体,MN,,过敏原检测,,mixed
300266,马肉特异性IgG抗体,MR,,过敏原检测,,mixed
300267,鳗鱼特异性IgG抗体,MY,,过敏原检测,,mixed
300268,蔓越莓特异性IgG抗体,MYM,,过敏原检测,,mixed
300269,猕猴桃特异性IgG抗体,MHT,,过敏原检测,,mixed
300270,绵羊奶特异性IgG抗体,MYN,,过敏原检测,,mixed
300271,绵羊乳清特异性IgG抗体,MYRQ,,过敏原检测,,mixed
300272,棉豆特异性IgG抗体,MD,,过敏原检测,,mixed
300273,木瓜特异性IgG抗体,MG,,过敏原检测,,mixed
300274,南瓜子特异性IgG抗体,NGZ,,过敏原检测,,mixed
300275,鲶鱼特异性IgG抗体,NY,,过敏原检测,,mixed
300276,牛奶(煮沸的)特异性IgG抗体,NNZFD,牛奶（煮沸的）特异性IgG抗体,过敏原检测,,mixed
300277,牛奶乳清特异性IgG抗体,NNRQ,,过敏原检测,,mixed
300278,牛至特异性IgG抗体,NZ,,过敏原检测,,mixed
300279,欧当归特异性IgG抗体,ODG,,过敏原检测,,mixed
300280,啤酒花特异性IgG抗体,PJH,,过敏原检测,,mixed
300281,青花鱼特异性IgG抗体,QHY,,过敏原检测,,mixed
300282,肉豆蔻特异性IgG抗体,RDK,,过敏原检测,,mixed
300283,莳萝特异性IgG抗体,SL,,过敏原检测,,mixed
300284,柿子特异性IgG抗体,SZ,,过敏原检测,,mixed
300285,斯佩尔特小麦特异性IgG抗体,SPETXM,,过敏原检测,,mixed
300286,松子特异性IgG抗体,SZ,,过敏原检测,,mixed
300287,笋特异性IgG抗体,S,,过敏原检测,,mixed
300288,鳎特异性IgG抗体,T,,过敏原检测,,mixed
300289,甜菜根特异性IgG抗体,TCG,,过敏原检测,,mixed
300290,甜菜籽特异性IgG抗体,TCZ,,过敏原检测,,mixed
300291,甜椒特异性IgG抗体,TJ,,过敏原检测,,mixed
300292,甜栗特异性IgG抗体,TL,,过敏原检测,,mixed
300293,兔肉特异性IgG抗体,TR,,过敏原检测,,mixed
300294,蜗牛特异性IgG抗体,WN,,过敏原检测,,mixed
300295,乌贼特异性IgG抗体,WZ,,过敏原检测,,mixed
300296,无花果特异性IgG抗体,WHG,,过敏原检测,,mixed
300297,西葫芦特异性IgG抗体,XHL,,过敏原检测,,mixed
300298,香草特异性IgG抗体,XC,,过敏原检测,,mixed
300299,香豆特异性IgG抗体,XD,,过敏原检测,,mixed
300300,香芹籽特异性IgG抗体,XQZ,,过敏原检测,,mixed
300301,小龙虾特异性IgG抗体,XLX,,过敏原检测,,mixed
300302,杏特异性IgG抗体,X,,过敏原检测,,mixed
300303,亚麻籽特异性IgG抗体,YMZ,,过敏原检测,,mixed
300304,阳桃特异性IgG抗体,YT,,过敏原检测,,mixed
300305,椰子特异性IgG抗体,YZ,,过敏原检测,,mixed
300306,樱桃特异性IgG抗体,YT,,过敏原检测,,mixed
300307,鹰嘴豆特异性IgG抗体,YZD,,过敏原检测,,mixed
300308,庸鲽特异性IgG抗体,YD,,过敏原检测,,mixed
300309,油菜籽特异性IgG抗体,YCZ,,过敏原检测,,mixed
300310,鱿鱼特异性IgG抗体,YY,,过敏原检测,,mixed
300311,月桂叶特异性IgG抗体,YGY,,过敏原检测,,mixed
300312,枣特异性IgG抗体,Z,,过敏原检测,,mixed
300313,章鱼特异性IgG抗体,ZY,,过敏原检测,,mixed
300314,长角豆特异性IgG抗体,CJD,,过敏原检测,,mixed
300315,竹荚鱼特异性IgG抗体,ZCY,,过敏原检测,,mixed
300316,酪乳特异性IgG抗体,Buttermilk,,过敏原检测,,mixed
300317,榛子特异性IgG抗体,Hazelnut,,过敏原检测,,mixed
300318,f35(马铃薯)-sIgE抗体,f35,,食物不耐受,,mixed
300319,f45(酵母)-sIgE抗体,f45,,食物不耐受,,mixed
300320,f47(大蒜)-sIgE抗体,f47,,食物不耐受,,mixed
300321,f48(洋葱)-sIgE抗体,f48,,食物不耐受,,mixed
300322,f58(鱿鱼)-sIgE抗体,f58,,食物不耐受,,mixed
300323,f80(龙虾)-sIgE抗体,f80,,食物不耐受,,mixed
300324,t10(胡桃树花粉)-sIgE抗体,t10,,食物不耐受,,mixed
300325,e7(鸽粪)-sIgE抗体,E7,,食物不耐受,,mixed
300326,h2(户尘)-sIgE抗体,h2,,食物不耐受,,mixed
300327,k75(甲苯二氢酸酯-油漆)-sIgE抗体,k75,,食物不耐受,,mixed
300328,k80(甲醛)-sIgE抗体,k80,,食物不耐受,,mixed
300329,k82(乳胶/橡胶)-sIgE抗体,k82,,食物不耐受,,mixed
300330,屋尘-sIgE抗体,,,食物不耐受,,mixed
300331,蟑螂-sIgE抗体,,,食物不耐受,,mixed
300332,鸡蛋-sIgE抗体,,,食物不耐受,,mixed
300333,点青霉-sIgE抗体,,,食物不耐受,,mixed
300334,鳕鱼-sIgE抗体,,,食物不耐受,,mixed
300335,鲤鱼-sIgE抗体,,,食物不耐受,,mixed
300336,长叶车前-sIgE抗体,,,食物不耐受,,mixed
300337,长蠕孢霉-sIgE抗体,,,食物不耐受,,mixed
300338,玉米-sIgE抗体,,,食物不耐受,,mixed
300339,白千层-sIgE抗体,,,食物不耐受,,mixed
300340,白色念珠菌-sIgE抗体,,,食物不耐受,,mixed
300341,百慕达草-sIgE抗体,,,食物不耐受,,mixed
300342,蚕蛾-sIgE抗体,,,食物不耐受,,mixed
300343,蚕丝-sIgE抗体,,,食物不耐受,,mixed
300344,草地羊茅-sIgE抗体,,,食物不耐受,,mixed
300345,雏菊-sIgE抗体,,,食物不耐受,,mixed
300346,刺柏-sIgE抗体,,,食物不耐受,,mixed
300347,粗脚粉螨-sIgE抗体,,,食物不耐受,,mixed
300348,大米-sIgE抗体,,,食物不耐受,,mixed
300349,德国小蠊-sIgE抗体,,,食物不耐受,,mixed
300350,法兰西菊-sIgE抗体,,,食物不耐受,,mixed
300351,果园草-sIgE抗体,,,食物不耐受,,mixed
300352,旱芹-sIgE抗体,,,食物不耐受,,mixed
300353,黑麦草-sIgE抗体,,,食物不耐受,,mixed
300354,黑麦粉-sIgE抗体,,,食物不耐受,,mixed
300355,黑曲霉-sIgE抗体,,,食物不耐受,,mixed
300356,黄胡蜂毒-sIgE抗体,,,食物不耐受,,mixed
300357,黄花茅-sIgE抗体,,,食物不耐受,,mixed
300358,灰桤木-sIgE抗体,,,食物不耐受,,mixed
300359,鸡肉-sIgE抗体,,,食物不耐受,,mixed
300360,蓟(猪毛菜)-sIgE抗体,,蓟（猪毛菜）-sIgE抗体,食物不耐受,,mixed
300361,肯塔基蓝草-sIgE抗体,,,食物不耐受,,mixed
300362,荔枝-sIgE抗体,,,食物不耐受,,mixed
300363,栎树-sIgE抗体,,,食物不耐受,,mixed
300364,马皮屑-sIgE抗体,,,食物不耐受,,mixed
300365,猫毛皮屑-sIgE抗体,,,食物不耐受,,mixed
300366,美国白蜡-sIgE抗体,,,食物不耐受,,mixed
300367,美洲大蠊-sIgE抗体,,,食物不耐受,,mixed
300368,猕猴桃-sIgE抗体,,,食物不耐受,,mixed
300369,蜜蜂毒-sIgE抗体,,,食物不耐受,,mixed
300370,棉絮-sIgE抗体,,,食物不耐受,,mixed
300371,面筋-sIgE抗体,,,食物不耐受,,mixed
300372,牛皮屑-sIgE抗体,,,食物不耐受,,mixed
300373,欧榛-sIgE抗体,,,食物不耐受,,mixed
300374,蒲公英-sIgE抗体,,,食物不耐受,,mixed
300375,荞麦-sIgE抗体,,,食物不耐受,,mixed
300376,热带无爪螨-sIgE抗体,,,食物不耐受,,mixed
300377,三裂叶豚草-sIgE抗体,,,食物不耐受,,mixed
300378,桑树-sIgE抗体,,,食物不耐受,,mixed
300379,松树-sIgE抗体,,,食物不耐受,,mixed
300380,蚊子-sIgE抗体,,,食物不耐受,,mixed
300381,苋-sIgE抗体,,,食物不耐受,,mixed
300382,小糠草-sIgE抗体,,,食物不耐受,,mixed
300383,一枝黄花-sIgE抗体,,,食物不耐受,,mixed
370101,高级管理者,,,健康问诊,,mixed
370102,营销策划者,,,健康问诊,,mixed
370103,传媒业者,,,健康问诊,,mixed
370104,IT从业人员,,,健康问诊,,mixed
370105,教育业者,,,健康问诊,,mixed
370106,医务工作者,,,健康问诊,,mixed
370107,文艺业,,,健康问诊,,mixed
370108,司   机,,,健康问诊,,mixed
370109,零售/服务,,,健康问诊,,mixed
370110,科研人员,,,健康问诊,,mixed
370111,体力劳动,,,健康问诊,,mixed
370112,个体经营,,,健康问诊,,mixed
370113,赋闲在家,,,健康问诊,,mixed
370114,体力劳动为主,,,健康问诊,,mixed
370115,脑力劳动为主,,,健康问诊,,mixed
370116,重体力劳动,,,健康问诊,,mixed
370117,重污染/粉尘环境工作,,,健康问诊,,mixed
370118,激光/辐射环境工作,,,健康问诊,,mixed
370120,小结,,,健康问诊,,mixed
370201,频次,,,其他,,mixed
370202,主要异常,,,其他,,mixed
4000013,醛固酮,ALD,,特殊检验,,mixed
4000014,醛固酮/肾素活性比值,ARR,醛固酮/肾素活性比值 (ARR);醛固酮/肾素活性比值(ARR),特殊检验,,mixed
400004,甲状腺结合力,T-uptake,甲状腺结合力(T-uptake),甲状腺功能,,mixed
400005,降钙素,CT,降钙素(CT),甲状腺功能,,mixed
400006,甲状腺球蛋白Ⅱ确证试验,TG,甲状腺球蛋白Ⅱ确证试验(TG),甲状腺功能,,mixed
400007,24小时尿肌酐,uCr,24小时尿肌酐(uCr),尿常规,,mixed
400008,二氧化碳分压,PCO2,二氧化碳分压(PCO2),凝血功能,,mixed
400009,餐后半小时血糖(GLU(0.5H)),GLU(0.5H),★餐后半小时血糖(GLU(0.5H)),糖代谢,,mixed
400010,餐后1小时血糖(GLU(1H)),GLU(1H),★餐后1小时血糖(GLU(1H)),糖代谢,,mixed
400011,餐后2小时血糖(GLU(2H)),GLU(2H),★餐后2小时血糖(GLU(2H)),糖代谢,,mixed
400012,餐后3小时血糖(GLU(3H)),GLU(3H),★餐后3小时血糖(GLU(3H)),糖代谢,,mixed
400013,餐后4小时血糖,GLU（4h),★餐后4小时血糖,糖代谢,,mixed
400014,餐后血糖,CHGLU,,糖代谢,,mixed
400015,中间细胞百分比,MXD%,中间细胞百分比(MXD%),血常规,,mixed
400016,中间细胞绝对值,MXD#,中间细胞绝对值(MXD#),血常规,,mixed
400017,网织红细胞百分比,RET%,网织红细胞百分比(RET%),血常规,,mixed
400018,网织红细胞绝对值,RET#,网织红细胞绝对值(RET#),血常规,,mixed
400019,低荧光强度网织红细胞比率,LFR,低荧光强度网织红细胞比率(LFR),血常规,,mixed
400020,中荧光强度网织红细胞比率,MFR,中荧光强度网织红细胞比率(MFR),血常规,,mixed
400021,高荧光强度网织红细胞比率,HFR,高荧光强度网织红细胞比率(HFR),血常规,,mixed
400022,未成熟网织红细胞比率,IRF,未成熟网织红细胞比率(IRF),血常规,,mixed
400023,有核红细胞百分比,NRBC%,有核红细胞百分比(NRBC%),血常规,,mixed
400024,有核红细胞绝对值,NRBC#,有核红细胞绝对值(NRBC#),血常规,,mixed
400025,骨钙素,OST,骨钙素(OST),感染标志物,,mixed
400028,尿葡萄糖,uGLU,尿葡萄糖(uGLU),尿常规,,mixed
400030,尿抗坏血酸/维生素C,VitC,尿抗坏血酸/维生素C(VitC),尿常规,,mixed
400031,24小时尿量,24hnl,24小时尿量(24hnl),尿常规,,mixed
400032,24小时尿蛋白定量,24hPRO,24小时尿蛋白定量(24hPRO),尿常规,,mixed
400033,随机尿微量白蛋白,RUmALB,随机尿微量白蛋白(RUmALB),肾功能,,mixed
400034,尿微量白蛋白,MALB,尿微量白蛋白（MALB）;尿微量白蛋白(MALB),尿常规,,mixed
400035,尿小圆上皮细胞,SRC,尿小圆上皮细胞(SRC),尿常规,,mixed
400036,尿类酵母细胞,YLC,尿类酵母细胞(YLC),尿常规,,mixed
400037,尿电导率信息,Cond.-Inf,尿电导率信息(Cond.-Inf),尿常规,,mixed
400038,尿电导率,CONDCT,尿电导率(CONDCT),尿常规,,mixed
400039,尿红细胞信息,RBC-Inf,尿红细胞信息(RBC-Inf),尿常规,,mixed
400040,尿白细胞(高倍视野),WBC-M,尿白细胞（高倍视野）(WBC-M);尿白细胞(高倍视野)(WBC-M),尿常规,,mixed
400041,尿红细胞(高倍视野),RBC-M,尿红细胞（高倍视野）(RBC-M);尿红细胞(高倍视野)(RBC-M),尿常规,,mixed
400042,上皮细胞(高倍视野),EC-M,上皮细胞（高倍视野）(EC-M);上皮细胞(高倍视野)(EC-M),尿常规,,mixed
400043,管型(高倍视野),CAST-M,管型（高倍视野）(CAST-M);管型(高倍视野)(CAST-M),尿常规,,mixed
400044,细菌(高倍视野),BACT-M,细菌（高倍视野）(BACT-M);细菌(高倍视野)(BACT-M),尿常规,,mixed
400045,"结晶检查(X,TAL)","X,TAL",,尿常规,,mixed
400046,总粒子数,TOTAL,总粒子数(TOTAL),尿常规,,mixed
400047,粘液丝,NYS,粘液丝(NYS),尿常规,,mixed
400048,尿路感染信息,NLGRXX,尿路感染信息(NLGRXX),尿常规,,mixed
400049,脓细胞,NXB,脓细胞(NXB),尿常规,,mixed
400050,闪光细胞,SGXB,闪光细胞(SGXB),尿常规,,mixed
400051,影红细胞,YHXB,影红细胞(YHXB),尿常规,,mixed
400052,皱缩红细胞,ZSHXB,皱缩红细胞(ZSHXB),尿常规,,mixed
400053,古钱币状红细胞,ZSHXB,古钱币状红细胞(ZSHXB),尿常规,,mixed
400054,小圆上皮细胞,SRC,,尿常规,,mixed
400055,大圆上皮细胞,DYSP,,尿常规,,mixed
400056,柱状上皮,,,尿常规,,mixed
400057,肾小管上皮,SXGSP,肾小管上皮(SXGSP),尿常规,,mixed
400058,尾形上皮,WXSP,尾形上皮(WXSP),尿常规,,mixed
400059,表层移行上皮,BCYXSP,表层移行上皮(BCYXSP),尿常规,,mixed
400060,中层移行上皮,ZCYXSP,中层移行上皮(ZCYXSP),尿常规,,mixed
400061,底层移行上皮,DCYXSP,底层移行上皮(DCYXSP),尿常规,,mixed
400062,透明管型,TMGX,透明管型(TMGX),尿常规,,mixed
400063,细颗粒管型,XKLGX,细颗粒管型(XKLGX),尿常规,,mixed
400064,粗颗粒管型,CKLGX,粗颗粒管型(CKLGX),尿常规,,mixed
400065,红细胞管型,HXBGX,红细胞管型(HXBGX),尿常规,,mixed
400066,肾小管上皮管型,SXGSPGX,肾小管上皮管型(SXGSPGX),尿常规,,mixed
400067,混合细胞管型,HHXBGX,混合细胞管型(HHXBGX),尿常规,,mixed
400068,宽幅管型,KFGX,宽幅管型(KFGX),尿常规,,mixed
400069,非晶形尿酸盐结晶,FJXNSY,非晶形尿酸盐结晶(FJXNSY),尿常规,,mixed
400070,尿酸结晶,NSJJ,尿酸结晶(NSJJ),尿常规,,mixed
400071,尿酸钠结晶,NSNJJ,尿酸钠结晶(NSNJJ),尿常规,,mixed
400072,尿酸铵结晶,NSAJJ,尿酸铵结晶(NSAJJ),尿常规,,mixed
400073,非晶形磷酸盐结晶,FJXLSY,非晶形磷酸盐结晶(FJXLSY),尿常规,,mixed
400074,磷酸铵镁结晶,LSAMJJ,磷酸铵镁结晶(LSAMJJ),尿常规,,mixed
400075,磷酸钙结晶,LSGJJ,磷酸钙结晶(LSGJJ),尿常规,,mixed
400076,碳酸钙结晶,TSGJJ,碳酸钙结晶(TSGJJ),尿常规,,mixed
400077,胆红素结晶,DHSJJ,胆红素结晶(DHSJJ),尿常规,,mixed
400078,滴虫,DC,滴虫(DC),尿常规,,qualitative
400079,胆红素管型,DHSGX,胆红素管型(DHSGX),尿常规,,mixed
400080,精子,JZ,精子(JZ),尿常规,,mixed
400081,血液管型,XYGX,血液管型(XYGX),尿常规,,mixed
400082,脂肪管型,ZFGX,脂肪管型(ZFGX),尿常规,,mixed
400083,蜡样管型,LYGX,蜡样管型(LYGX),尿常规,,mixed
400084,亮氨酸结晶,LASJJ,亮氨酸结晶(LASJJ),尿常规,,mixed
400085,酪氨酸结晶,LASJJ,酪氨酸结晶(LASJJ),尿常规,,mixed
400086,碳氧血红蛋白,TY,碳氧血红蛋白(TY),尿常规,,mixed
400087,疟原虫检查,NYC,疟原虫检查(NYC),尿常规,,mixed
400088,未分类管型,UNCC,未分类管型(UNCC),尿常规,,mixed
400089,草酸钙结晶,CSGJJ,草酸钙结晶(CSGJJ),尿常规,,mixed
400090,胱氨酸结晶,GASJJ,胱氨酸结晶(GASJJ),尿常规,,mixed
400091,小圆细胞,SRC,,尿常规,,mixed
400092,D-二聚体,D-Dimer,D-二聚体(D-Dimer),凝血功能,,mixed
400093,未溶解红细胞,NL RBC,,尿常规,,mixed
400094,溶解红细胞,Lysed RBC,,尿常规,,mixed
400095,纤维蛋白原时间,Fbg-T,纤维蛋白原时间(Fbg-T),凝血功能,,mixed
400096,*凝血标本状态,,,凝血功能,,mixed
400097,非典型细胞等,Atyp.c,,尿常规,,mixed
400098,碎片,DEBRIS,,尿常规,,mixed
400099,乙型肝炎病毒DNA,HBV-DNA,乙型肝炎病毒DNA(HBV-DNA),肝炎病毒,,mixed
400100,丙型肝炎病毒RNA,HCV-RNA,丙型肝炎病毒RNA(HCV-RNA),肝炎病毒,,mixed
400101,胃蛋白酶原(PGⅠ/Ⅱ),PGⅠ/Ⅱ,,特殊检验,,mixed
400102,甲状旁腺激素,PTH,甲状旁腺激素(PTH),甲状腺功能,,mixed
400114,体肌肉量,,,一般检查,,mixed
400144,体脂肪率,,,一般检查,,mixed
400300,空腹C肽(C-P(0H)),C-P(0H),★空腹C肽(C-P(0H)),糖代谢,,mixed
400301,餐后半小时C肽(C-P(0.5H)),C-P(0.5H),★餐后半小时C肽(C-P(0.5H)),糖代谢,,mixed
400302,餐后1小时C肽(C-P(1H)),C-P(1H),★餐后1小时C肽(C-P(1H)),糖代谢,,mixed
400303,餐后2小时C肽(C-P(2H)),C-P(2H),★餐后2小时C肽(C-P(2H)),糖代谢,,mixed
400304,餐后3小时C肽(C-P(3H)),C-P(3H),★餐后3小时C肽(C-P(3H)),糖代谢,,mixed
400305,类酵母细胞,YLC,类酵母细胞(YLC),尿常规,,mixed
400306,结晶检查,,,尿常规,,mixed
400307,餐后4小时C肽,C-P(4H),★餐后4小时C肽,糖代谢,,mixed
400308,红细胞(尿),RBC,红细胞(尿)(RBC),尿常规,,mixed
400309,上皮细胞,EC,上皮细胞(EC),尿常规,,mixed
400310,鳞状上皮,,,尿常规,,mixed
400313,管型,CAST,管型(CAST),尿常规,,mixed
400314,结合胆红素,BC,结合胆红素(BC),尿常规,,mixed
400315,转铁蛋白TRF,TRF,,特殊生化,,mixed
400316,尿液总蛋白,TPU,尿液总蛋白(TPU),尿常规,,mixed
400317,脑脊液蛋白,CSFPRO,脑脊液蛋白(CSFPRO),脑脊液,,mixed
400318,总铁结合力,TIBC,,电解质/微量元素,,mixed
400319,白细胞管型,,,尿常规,,mixed
400320,粘液丝,,,尿常规,,mixed
400321,血铁FE,FE,,电解质/微量元素,,mixed
400322,类酵母菌,YLC,类酵母菌(YLC),尿常规,,mixed
400323,不饱和铁结合力,UIBC,不饱和铁结合力（UIBC）;不饱和铁结合力(UIBC),电解质/微量元素,,mixed
400324,幽门螺杆菌呼气试验,C14,幽门螺杆菌呼气试验(C14),特殊染色,,mixed
400325,C13呼气试验,13CO2,,特殊染色,,mixed
400326,网织红细胞血红蛋白,RET-He,网织红细胞血红蛋白(RET-He),血常规,,mixed
400328,HPV44(低危),HPV44(低危）,,HPV检测,,mixed
400329,HPV16(高危),HPV16(高危),,HPV检测,,mixed
400330,HPV18(高危),HPV18(高危),,HPV检测,,mixed
400331,HPV31(高危),HPV31(高危),,HPV检测,,mixed
400332,HPV35(高危),HPV35(高危),,HPV检测,,mixed
400333,HPV39(高危),HPV39(高危),,HPV检测,,mixed
400334,HPV45(高危),HPV45(高危),,HPV检测,,mixed
400335,HPV51(高危),HPV51(高危),,HPV检测,,mixed
400336,HPV52(高危),HPV52(高危),,HPV检测,,mixed
400337,HPV56(高危),HPV56(高危),,HPV检测,,mixed
400338,HPV58(高危),HPV58(高危),,HPV检测,,mixed
400339,HPV59(高危),HPV59(高危),,HPV检测,,mixed
400400,HPV66(高危),HPV66(高危),,HPV检测,,mixed
400401,HPV68(高危),HPV68(高危),,HPV检测,,mixed
400402,HPV53(高危),HPV53(高危),,HPV检测,,mixed
400403,HPV73(高危),HPV73(高危),,HPV检测,,mixed
400404,HPV82(高危),HPV82(高危),,HPV检测,,mixed
400405,HPV6 (低危),HPV6 (低危),,HPV检测,,mixed
400406,HPV11(低危),HPV11(低危),,HPV检测,,mixed
400407,HPV42(低危),HPV42(低危),,HPV检测,,mixed
400408,HPV43(低危),HPV43(低危),,HPV检测,,mixed
400409,HPV81(低危),HPV81(低危),,HPV检测,,mixed
400410,HPV33(高危),HPV33(高危),,HPV检测,,mixed
400411,HPV83(低危),HPV83(低危),,HPV检测,,mixed
400412,铁蛋白,FER,★铁蛋白(FER);铁蛋白(FER),肿瘤标志物,,mixed
400413,生长激素,HGH,生长激素(HGH),肿瘤标志物,,mixed
400414,血清总补体活性,CH50,血清总补体活性(CH50),风湿免疫,,mixed
400415,性激素结合球蛋白,SHBG,性激素结合球蛋白(SHBG),性激素,,mixed
400416,梅毒甲苯胺红不加热血清试验,TRUST,梅毒甲苯胺红不加热血清试验（TRUST）;梅毒甲苯胺红不加热血清试验(TRUST),感染标志物,,mixed
400417,梅毒螺旋体特异性抗体半定量,TPPA-Titer,梅毒螺旋体特异性抗体半定量（TPPA-Titer）;梅毒螺旋体特异性抗体半定量(TPPA-Titer);TPPA,感染标志物,,mixed
400418,随机尿肌酐,RUCr,随机尿肌酐(RUCr),肾功能,,mixed
400419,RUmALB/RUCR,RUmALB/RUCR,,肾功能,,mixed
400420,β2微球蛋白,B2MG,,肾功能,,mixed
400421,血尿素,UREA,,肾功能,,mixed
400422,HPV70(低危),HPV70(低危),,HPV检测,,mixed
400423,*HPV标本状态,,,HPV检测,,mixed
400424,HPV26(高危),,HPV26（高危）,HPV检测,,mixed
400425,HPV40(低危),HPV40,,HPV检测,,mixed
400426,HPV55(低危),HPV55(低危),,HPV检测,,mixed
400427,HPV61(低危),HPV61(低危),,HPV检测,,mixed
400430,高危型HPV E6/E7 mRNA检测,,,HPV检测,,mixed
400431,HPV 16型 E6/E7 mRNA检测,,,HPV检测,,mixed
400432,HPV 18/45型 E6/E7 mRNA检测,,,HPV检测,,mixed
40317,铜蓝蛋白CER,CER,,特殊生化,,mixed
500012,谷草转氨酶,AST,谷草转氨酶（AST);谷草转氨酶(AST),特殊生化,,mixed
50004,人绒毛膜促性腺激素(定性),HCG,★人绒毛膜促性腺激素(定性)(HCG);人绒毛膜促性腺激素(定性)(HCG),性激素,,mixed
50005,促红细胞生成素,EPO,,特殊生化,,mixed
50006,血浆甲氧基肾上腺素类物质,MNs,,特殊检验,,mixed
50008,皮质醇,Cortisol,皮质醇(Cortisol),性激素,,mixed
50009,促肾上腺皮质激素,ACTH,,特殊生化,,mixed
50010,餐后3小时胰岛素(INS(3H)),INS(3H),,糖代谢,,mixed
50011,餐后2小时胰岛素(INS(2H)),INS(2H),,糖代谢,,mixed
50012,餐后1小时胰岛素(INS(1H)),INS(1H),,糖代谢,,mixed
50013,餐后半小时胰岛素(INS(0.5H)),INS(0.5H),,糖代谢,,mixed
50014,空腹胰岛素(INS(0H)),INS(0H),,糖代谢,,mixed
50015,胰岛素,INS,胰岛素(INS),糖代谢,,mixed
50016,葡萄糖-6-磷酸脱氢酶缺陷筛查,G-6-PD,,糖代谢,,mixed
50022,雌三醇,E3,雌三醇(E3),性激素,,mixed
50024,游离三碘甲状腺原氨酸,FT3,★游离三碘甲状腺原氨酸(FT3);游离三碘甲状腺原氨酸(FT3),甲状腺功能,,mixed
50025,血清总T4(甲状腺素),TT4,★血清总T4（甲状腺素）(TT4);血清总T4(甲状腺素)(TT4),甲状腺功能,,mixed
50026,三碘甲状腺原氨酸,TT3,★三碘甲状腺原氨酸(TT3);三碘甲状腺原氨酸(TT3),甲状腺功能,,mixed
50027,抗甲状腺过氧化物酶抗体,TPO-Ab,抗甲状腺过氧化物酶抗体(TPO-Ab),甲状腺功能,,mixed
50028,抗甲状腺球蛋白抗体,TG-Ab,抗甲状腺球蛋白抗体(TG-Ab),甲状腺功能,,mixed
50029,超敏甲状腺球蛋白,TG,超敏甲状腺球蛋白(TG),甲状腺功能,,mixed
50030,鳞状上皮细胞计数,SQEP,鳞状上皮细胞计数(SQEP),尿常规,,mixed
50031,非鳞状上皮细胞计数,NSE,非鳞状上皮细胞计数(NSE),尿常规,,mixed
50032,细菌计数,BACT,细菌计数(BACT),尿常规,,mixed
50033,精子数量,SPERM,精子数量(SPERM),尿常规,,mixed
50034,白细胞团,WBCC,白细胞团(WBCC),尿常规,,mixed
50038,反-三碘甲状腺原氨酸,RT3,反-三碘甲状腺原氨酸(RT3),甲状腺功能,,mixed
50039,抗甲状腺微粒体抗体,TM-Ab,,甲状腺功能,,mixed
50040,促甲状腺素受体抗体,TR-Ab,促甲状腺素受体抗体(TR-Ab),甲状腺功能,,mixed
50041,补体,C4,★补体(C4);补体(C4),免疫球蛋白/补体,,mixed
50045,补体,C3,★补体(C3);补体(C3),免疫球蛋白/补体,,mixed
50049,肺炎支原体IgM抗体,MP-Ab,肺炎支原体IgM抗体(MP-Ab),营养/感染/其他,,mixed
50050,内镜活检,W,内镜活检(W),营养/感染/其他,,mixed
50051,指尖血糖,,,一般检查,,mixed
600001,霉菌,霉菌,,内科,,qualitative
600002,滴虫,滴虫,,内科,,qualitative
600003,清洁度,QJD,,内科,,qualitative
600004,细菌性阴道病,BV,细菌性阴道病(BV),内科,,mixed
600005,PH值,,,内科,,mixed
600006,上皮细胞,SPXB,,内科,,mixed
600007,白细胞,WBC,,内科,,mixed
600008,菌群密集度,,,内科,,mixed
600009,菌群多样性,,,内科,,mixed
600010,革兰阳性大杆菌比例,,,内科,,mixed
600011,其他杂菌比例,,,内科,,mixed
600012,红细胞,,,内科,,mixed
600013,白细胞,,,内科,,mixed
600014,脓细胞,,,内科,,mixed
600015,上皮细胞(高倍视野),,上皮细胞(高倍视野）,内科,,mixed
600016,阴道线索细胞,,,内科,,mixed
600017,形似加德纳菌/拟杆菌,,,内科,,mixed
600018,形似动弯杆菌,,,内科,,mixed
600019,革兰阳性球菌,,,内科,,mixed
600020,革兰阴性杆菌,,,内科,,mixed
600021,真菌孢子,,,内科,,mixed
600022,真菌假菌丝,,,内科,,mixed
600023,衣原体样小体,,,内科,,mixed
600024,细胞内革兰阴性双球菌,,,内科,,mixed
600025,阴道微生态分析,,,内科,,mixed
600026,Nugent评分,,,内科,,mixed
600027,Donders评分,,,内科,,mixed
600029,凝固酶,,,内科,,mixed
600030,过氧化氢,,,内科,,mixed
600031,白细胞酯酶,,,内科,,mixed
600032,唾液酸苷酶,,,内科,,mixed
600033,β-葡萄糖醛酸糖苷酶,,,内科,,mixed
600034,中性粒细胞,,,内科,,mixed
600035,阴道杆菌,YDGJ,,内科,,mixed
600036,双球菌,SQJ,,内科,,mixed
600037,异常上皮,YCSP,,内科,,mixed
600038,线索细胞,XSXB,,内科,,mixed
600039,吞噬细胞,TSXB,,内科,,mixed
600040,支原体,ZYT,,内科,,mixed
600041,衣原体包涵体,YYTBHT,,内科,,mixed
600042,嗜酸细胞,SSXB,,内科,,mixed
600043,钩端螺旋体IgG抗体,LEP-IgG,,内科,,mixed
600044,奋森氏螺旋体,FSSLXT,,内科,,mixed
600045,口腔滴虫,KQDC,,内科,,qualitative
600046,异常细胞,YCXB,,内科,,mixed
600047,梭形杆菌,SXGJ,,内科,,mixed
600048,念珠菌,NZJ,,内科,,mixed
600049,淋巴细胞,LBXB,,内科,,mixed
600050,单核细胞,DHXB,,内科,,mixed
600051,乳酸杆菌,RSGJ,,内科,,mixed
600052,闪光细胞,SGXB,,内科,,mixed
600054,新鲜红细胞,RBC,,内科,,mixed
600055,皱缩红细胞,RBC,,内科,,mixed
600056,支原体样小体,ZYTYXT,,内科,,mixed
600057,细菌,XJ,,内科,,mixed
600058,阴道PH值,PH,,内科,,mixed
600059,脓细胞,WBC,,内科,,mixed
600060,衣原体包涵体,YYTBHT,,内科,,mixed
600061,杜克雷嗜血杆菌,DKLSJ,,内科,,mixed
600062,乙酰氨基葡萄糖苷酶,YXAJ.,,内科,,mixed
906001,男性遗传肿瘤基因筛查,,,细胞学,,mixed
906002,女性遗传肿瘤基因筛查,,,细胞学,,mixed
906003,端粒酶检测,,,细胞学,,mixed
906004,端粒酶长度相对系数,,,病理,,mixed
906005,端粒酶细胞年龄,,,病理,,mixed
906006,端粒长度与同年龄平均水平,,,病理,,mixed
906007,样本端粒长度分布,,,病理,,mixed
906008,端粒平均长度,,,病理,,mixed
906009,高血压个体化用药,,,细胞学,,mixed
906010,药物基因,,,细胞学,,mixed
906011,cfDNA浓度,cfDNA,,病理,,mixed
906012,cfDNA片段长度,cfDNA,,病理,,mixed
906013,CV变异系数,CV,,病理,,mixed
906014,BRCA1,BRCA1,,细胞学,,mixed
906015,BRCA2,BRCA2,,细胞学,,mixed
906016,CHEK2,CHEK2,,细胞学,,mixed
906017,PALB2,PALB2,,细胞学,,mixed
906018,BRIP1,BRIP1,,细胞学,,mixed
906019,TP53,TP53,,细胞学,,mixed
906020,PTEN,PTEN,,细胞学,,mixed
906021,STK11,STK11,,细胞学,,mixed
906022,CDH1,CDH1,,细胞学,,mixed
906023,ATM,ATM,,细胞学,,mixed
906024,BARD1,BARD1,,细胞学,,mixed
906025,MLH1,MLH1,,细胞学,,mixed
906026,MRE11A,MRE11A,,细胞学,,mixed
906027,ADHFE1,ADHFE1,,细胞学,,mixed
906028,APC,APC,,细胞学,,mixed
906029,AXIN2,AXIN2,,细胞学,,mixed
906030,BLM,BLM,,细胞学,,mixed
906031,BMPR1A,BMPR1A,,细胞学,,mixed
906032,CDK12,CDK12,,细胞学,,mixed
906033,EPCAM,EPCAM,,细胞学,,mixed
906034,GALNT12,GALNT12,,细胞学,,mixed
906035,GREM1,GREM1,,细胞学,,mixed
906036,MLH3,MLH3,,细胞学,,mixed
906037,MSH2,MSH2,,细胞学,,mixed
906038,MSH3,MSH3,,细胞学,,mixed
906039,MSH6,MSH6,,细胞学,,mixed
906040,MUTYH,MUTYH,,细胞学,,mixed
906041,NBN,NBN,,细胞学,,mixed
906042,NF1,NF1,,细胞学,,mixed
906043,NTHL1,NTHL1,,细胞学,,mixed
906044,PMS1,PMS1,,细胞学,,mixed
906045,PMS2,PMS2,,细胞学,,mixed
906046,POLD1,POLD1,,细胞学,,mixed
906047,POLE,POLE,,细胞学,,mixed
906048,PPP2R5C,PPP2R5C,,细胞学,,mixed
906049,RAD50,RAD50,,细胞学,,mixed
906050,RAD51C,RAD51C,,细胞学,,mixed
906051,RAD51D,RAD51D,,细胞学,,mixed
906052,SDC2,SDC2,,细胞学,,mixed
906053,SMAD4,SMAD4,,细胞学,,mixed
906054,SMARCA4,SMARCA4,,细胞学,,mixed
906055,PRSS1,PRSS1,,细胞学,,mixed
906056,SPINK1,SPINK1,,细胞学,,mixed
906057,CDKN2A,CDKN2A,,细胞学,,mixed
906058,FCNAG,FCNAG,,细胞学,,mixed
906059,CFTR,CFTR,,细胞学,,mixed
906060,FANCC,FANCC,,细胞学,,mixed
906061,HOXB13,HOXB13,,细胞学,,mixed
906062,ATR,ATR,,细胞学,,mixed
906063,FAM175A,FAM175A,,细胞学,,mixed
906064,GEN1,GEN1,,细胞学,,mixed
906065,FANCA,FANCA,,细胞学,,mixed
906066,ADIPOQ脂联素代谢基因,ADIPOQ,,细胞学,,mixed
906067,ADORA2A腺苷受体2a,ADORA2A,,细胞学,,mixed
906068,APOA5载脂蛋白A5,APOA5,,细胞学,,mixed
906069,BDNF重组人脑源性神经营养因子,BDNF,,细胞学,,mixed
906070,CD209重组蛋白,CD209重组蛋白,,细胞学,,mixed
906071,COMT儿茶酚-O-甲基转移酶,COMT,,细胞学,,mixed
906072,FTO肥胖基因,FTO,,细胞学,,mixed
906073,FTO-1肥胖基因,FTO-1,,细胞学,,mixed
906074,GNB3G蛋白β3亚单位基因,GNB3,,细胞学,,mixed
906075,PRDM16棕色化因子,PRDM16,,细胞学,,mixed
906076,TFAP2B人源细胞水平基因,TFAP2B,,细胞学,,mixed
906077,TP53肿瘤抑制基因,TP53,,细胞学,,mixed
906078,UCP2线粒体解耦连蛋白,UCP2,,细胞学,,mixed
906079,VDR维生素D受体基因,VDR,,细胞学,,mixed
906080,XRCC1人DNA修复基因,XRCC1,,细胞学,,mixed
906081,脱氧鸟粪核糖核苷,8-OhdG,脱氧鸟粪核糖核苷（8-OhdG）;脱氧鸟粪核糖核苷(8-OhdG),细胞学,,mixed
906082,DNA氧化损伤比,8-OhdG/Cre,,细胞学,,mixed
906083,G-脂多糖动态检测,,,细胞学,,mixed
906084,真菌D-葡聚糖,,,细胞学,,mixed
906085,肽聚糖,,,细胞学,,mixed
920016,霉菌,,,尿常规,,qualitative
920040,血管紧张素1-37℃,,,食物不耐受,,mixed
920041,血管紧张素2(立位),,血管紧张素2（立位）,食物不耐受,,mixed
920042,肾素活性(立位),,肾素活性（立位）,食物不耐受,,mixed
920043,血管紧张素1-4℃,,,食物不耐受,,mixed
920044,肾素浓度,Renin,,食物不耐受,,mixed
920045,血管紧张素II,AngII,血管紧张素II(AngII),食物不耐受,,mixed
920046,肾素活性,PRA,肾素活性（PRA）;肾素活性(PRA),食物不耐受,,mixed
9999998,消化系统,,,其他,,mixed
9999999,运动系统,,,其他,,mixed
LLM-001,血清碳酸氢根,HCO3,重碳酸盐;碳酸氢根离子,电解质,mmol/L,numeric
LLM-002,心肌肌钙蛋白I,cTnI,肌钙蛋白I,心肌标志物,μg/L,numeric
LLM-003,心肌肌钙蛋白T,cTnT,肌钙蛋白T,心肌标志物,μg/L,numeric
LLM-004,B型利钠肽,BNP,脑钠肽,心肌标志物,pg/ml,numeric
LLM-005,血清淀粉样蛋白A,SAA,血清淀粉样蛋白A,炎症指标,mg/L,numeric
LLM-006,嗜碱性粒细胞计数,BASO#,嗜碱细胞计数;嗜碱性粒细胞绝对数,血常规补充,×10^9/L,numeric
LLM-007,中性粒细胞计数,NEUT#,中性粒细胞绝对数;嗜中性粒细胞计数,血常规补充,×10^9/L,numeric
LLM-008,中性粒细胞百分比,NEUT%,中性粒细胞百分率;嗜中性粒细胞百分比,血常规补充,%,numeric
LLM-009,单核细胞计数,MONO#,单核细胞绝对数;单核计数,血常规补充,×10^9/L,numeric
LLM-010,总前列腺特异性抗原,t-PSA,PSA;总PSA;前列腺特异性抗原,男性特有,ng/mL,numeric
LLM-011,游离前列腺特异性抗原,f-PSA,游离PSA;fPSA,男性特有,ng/mL,numeric
LLM-012,游离/总前列腺特异性抗原比值,f-PSA/t-PSA,PSA比值;游离总PSA比值,男性特有,无,numeric
LLM-013,前列腺酸性磷酸酶,PAP,前列腺酸性磷酸酶,男性特有,U/L,numeric
LLM-014,精液液化时间,,精液液化时长,男性特有,min,numeric
LLM-015,餐后2小时血糖,2hPG,餐后两小时血糖;餐后2h血糖,糖代谢补充,mmol/L,numeric
LLM-016,前白蛋白,PA,前清蛋白,肝功能补充,mg/L,numeric
LLM-017,腺苷脱氨酶,ADA,腺苷氨基水解酶,肝功能补充,U/L,numeric
LLM-018,5'-核苷酸酶,5'-NT,5-核苷酸酶,肝功能补充,U/L,numeric
LLM-019,单胺氧化酶,MAO,胺氧化酶,肝功能补充,U/L,numeric
LLM-020,血氨,NH3,氨,肝功能补充,μmol/L,numeric
